claim_id,provider_npi,patient_id,date_of_service,billed_amount,allowed_amount,paid_amount,diagnosis_code,procedure_code,insurance_type,claim_status,denial_reason
LANNVH9TI2,4957261083,PL69194327,10/16/2023,446.04,418.02,361.3,Z23,99213,Medicaid,Paid,
DNG49LMWNR,2021349671,XO40984608,07/29/2021,64.1,39.05,10.21,I48.91,99214,Commercial,Denied,Missing Documentation
15CUIK2FQ0,3904283765,YD12923256,02/09/2020,492.79,301.4,110.64,I48.91,99214,Medicaid,Paid,
VDQNR5G78P,5863514709,CU16405041,01/11/2022,93.55,74.78,73.68,I50.9,99397,Medicare,Denied,Pre-Existing Condition
552HOSV5Q1,5863514709,BL50152409,09/29/2022,111.85,59.93,9.59,E11.9,97110,Medicare,Paid,
1A0MB3IZHM,3904283765,SU09936631,09/17/2021,17.72,12.86,7.89,M79.609,99386,Medicaid,Paid,
DW7RN9AGJD,2021349671,HH10621877,09/19/2024,298.27,261.14,121.91,I10,99397,Medicare,Denied,Out-of-Network
L14QQ8IZ19,2021349671,JP80657761,07/29/2024,257.83,190.92,64.89,E78.5,99213,Medicare,Paid,
DUYIZ05V35,2021349671,AY27427019,08/21/2024,97.65,69.83,25.88,I10,99214,Self-Pay,Denied,Pre-Existing Condition
LFARK0SDPG,1739201857,TX51431315,11/17/2023,222.72,190.36,84.14,Z00.00,90658,Medicaid,Paid,
ZRF0MFH0K8,4957261083,GV99130824,08/14/2020,190.71,118.36,32.54,Z23,99386,Medicare,Denied,Duplicate Claim
91KGL942PM,5863514709,WX63363599,09/21/2021,221.89,175.95,122.09,K21.9,99386,Commercial,Paid,
Y4PRYONGL8,1739201857,GY08001766,09/16/2020,283.16,241.58,84.16,M79.609,90658,Medicaid,Denied,Pre-Existing Condition
DDHQ3L0V07,5863514709,MX93200360,06/02/2024,139.68,127.84,100.98,Z23,99214,Medicaid,Denied,Missing Documentation
7HS7OIN8UK,2021349671,PX02016661,09/25/2021,491.13,246.57,171.56,M79.609,99397,Commercial,Paid,
HJYVOO194M,1739201857,BB32920465,01/03/2020,255.51,211.76,187.78,R53.0,99213,Medicare,Pending,
56R3UD8M0I,2021349671,HU66777012,06/02/2024,150.45,78.23,44.52,R07.9,99214,Medicare,Denied,Pre-Existing Condition
KH5S4ASWXV,4957261083,CM28035362,03/26/2020,477.08,339.54,164.85,E11.9,36415,Medicare,Paid,
DG5J9C2O55,3904283765,LU32869651,07/04/2020,282.54,189.27,185.13,M79.609,90658,Medicare,Paid,
0NDLI4JN6D,4957261083,JC74724962,04/28/2023,295.5,192.75,86.78,R10.9,99203,Medicaid,Pending,
9S7I9PSZ2U,1739201857,WX00664952,10/04/2020,304.47,222.24,77.22,M79.609,99396,Medicaid,Denied,Duplicate Claim
IAOAYSJDOE,1739201857,NO35332962,04/18/2024,159.6,130.8,82.98,J20.9,99213,Medicare,Denied,Duplicate Claim
CBE3NFSCBC,3904283765,BI55325118,12/30/2020,18.38,11.19,9.92,I48.91,99214,Medicaid,Pending,
072YYJLMTA,2021349671,IV04980331,12/04/2020,138.64,131.32,11.93,Z23,90658,Medicare,Denied,Duplicate Claim
86GPOPOK9X,2021349671,FR97568584,05/01/2022,436.6,340.3,62.83,N39.0,93000,Self-Pay,Paid,
LUDA2RN4XR,5863514709,OK76814199,07/10/2022,12.63,10.32,9.63,I48.91,99386,Medicare,Denied,Service Not Covered
APRA5FS186,3904283765,UX51398124,10/10/2020,87.55,81.78,75.38,N39.0,99397,Commercial,Pending,
B40TLOUG3I,2021349671,KX03540472,06/14/2022,407.39,303.7,243.37,J18.9,99214,Commercial,Pending,
I97S0YC7ZJ,3904283765,XE40993101,09/07/2023,188.34,120.17,82.42,Z00.00,99397,Medicare,Paid,
ZK0L1WOV34,4957261083,HS29154678,06/14/2021,316.6,230.3,95.83,F41.9,99397,Commercial,Denied,Missing Documentation
6OBGV5QAK7,4957261083,JZ08116789,03/21/2024,290.19,248.1,245.51,J20.9,93000,Self-Pay,Denied,Missing Documentation
42F55PYW7Z,5863514709,FX81476671,05/09/2021,259.79,213.9,30.99,R10.9,99214,Medicaid,Paid,
KWCGKXX63H,3904283765,ZT26001047,08/15/2020,161.82,91.91,27.09,E03.9,99386,Commercial,Paid,
LZHADETSA6,4957261083,LC34338386,03/31/2020,137.51,82.76,11.88,N39.0,99203,Commercial,Paid,
3M1A7590Y4,4957261083,CK25583921,01/15/2021,291.45,207.73,132.57,J18.9,99214,Commercial,Denied,Duplicate Claim
7IE7WW7EYE,3904283765,XB09818876,09/08/2021,186.71,132.36,64.34,E03.9,99386,Medicare,Paid,
GFORPQDF3V,4957261083,UR39820023,12/31/2023,88.01,78.01,77.4,F32.9,99214,Commercial,Paid,
H8TGU6V7KN,3904283765,XH31324174,03/08/2020,483.09,430.55,104.15,I48.91,99214,Commercial,Paid,
OVZ3Z7U8LP,3904283765,WQ75471283,10/04/2023,385.33,225.67,89.27,R07.9,99397,Commercial,Paid,
9Q4GHY5O59,2021349671,OG96252643,07/30/2024,283.65,273.83,104.18,I48.91,99213,Self-Pay,Pending,
JOF0A1J60J,3904283765,UA45699109,07/14/2023,257.24,134.62,87.86,K21.9,99397,Medicare,Denied,Duplicate Claim
ULV5HU55XC,4957261083,WW18144315,10/13/2020,327.74,256.87,255.39,R53.0,93000,Medicaid,Paid,
797AXRD31P,4957261083,AD37885979,05/02/2023,101.89,77.95,40.09,F41.9,36415,Commercial,Paid,
2JGJLVBPC3,1739201857,KL20782799,03/02/2022,16.39,8.2,6.82,I48.91,99213,Medicare,Paid,
JLWWLP6QSQ,4957261083,HS14197576,06/01/2024,97.73,67.87,46.89,I48.91,93000,Medicare,Paid,
FSXZAX0PV0,5863514709,HC38114354,05/09/2020,70.27,58.14,36.51,E03.9,99213,Medicare,Denied,Pre-Existing Condition
BNKRIBRGBA,3904283765,QB75509599,07/12/2021,113.7,63.85,25.69,N39.0,99397,Self-Pay,Denied,Missing Documentation
5GQE3690B7,1739201857,TG69895163,12/03/2024,413.08,391.54,187.65,J20.9,99203,Commercial,Denied,Pre-Existing Condition
3H0DKCXH9O,2021349671,FH47177440,06/02/2021,25.34,18.67,13.27,K21.9,99386,Medicaid,Paid,
9EJ1PU6ZYX,4957261083,KI03040544,07/17/2022,329.43,241.72,209.47,I48.91,99386,Commercial,Denied,Pre-Existing Condition
7OD2VFUHL2,1739201857,HU55771233,09/27/2024,140.95,126.48,51.05,Z00.00,99203,Medicare,Pending,
2OPUFTLU4V,5863514709,CB00141123,09/22/2021,315.01,164.51,158.75,R07.9,99214,Medicare,Denied,Duplicate Claim
9TE1N94OX2,3904283765,TH63893711,06/19/2023,77.21,62.61,37.86,F32.9,90658,Self-Pay,Paid,
2J0T2X8TY0,2021349671,HT90624968,03/23/2020,223.98,194.99,34.2,Z23,99397,Medicaid,Denied,Missing Documentation
KSRZ8WVBAE,4957261083,ZG28322352,08/25/2024,477.94,266.97,266.9,E03.9,99213,Commercial,Paid,
OYD3WUGIK1,4957261083,WO70466438,04/06/2023,13.61,6.81,2.68,I48.91,99397,Medicaid,Pending,
3R6VWK5PC7,5863514709,MU21138734,02/09/2023,499.64,402.82,333.98,J44.9,99386,Medicaid,Denied,Duplicate Claim
IML6ZXAU3T,5863514709,NG83980782,07/26/2020,64.8,37.4,12.24,J44.9,99214,Commercial,Paid,
DR0MZA1FB6,4957261083,GL48008730,10/11/2021,293.41,243.71,23.67,J44.9,97110,Medicaid,Paid,
DW65U73S4X,1739201857,IM99180977,09/20/2020,395.82,308.91,250.79,I10,99213,Medicare,Paid,
VPI0PTTBV4,4957261083,OU61870399,03/30/2020,170.7,134.35,107.54,I48.91,99214,Medicaid,Paid,
ZHHYR6L3FR,3904283765,ZN28773692,12/25/2021,493.9,279.95,260.7,R53.0,99213,Medicare,Denied,Missing Documentation
0MFPR4EZIR,1739201857,GB96870497,02/29/2020,430.06,230.03,112.5,I50.9,99213,Medicare,Paid,
B4JQ3VCJ06,2021349671,FK88631645,11/08/2024,239.62,123.81,35.98,I48.91,99396,Medicare,Paid,
XUJVF8L8F1,2021349671,HZ91301313,08/26/2020,62.35,41.18,5.12,R07.9,99213,Medicaid,Paid,
8VKZR6ER2D,4957261083,DL59172904,08/12/2021,442.24,325.12,214.11,Z23,99213,Commercial,Paid,
PDR4YSCABP,1739201857,ET74866061,12/24/2021,430.33,270.17,53.52,F41.9,99213,Medicare,Pending,
5QJ4IH3N1Z,3904283765,XQ11525639,11/12/2024,83.94,43.97,20.2,M54.5,99396,Self-Pay,Paid,
1P29VE7KEC,4957261083,VH51149472,09/23/2021,360.32,336.16,329.02,J20.9,99396,Medicare,Denied,Duplicate Claim
EWSHZ945WW,3904283765,HZ32116451,07/13/2023,177.82,119.91,26.89,J44.9,36415,Self-Pay,Paid,
20GQW7PT2O,4957261083,QS01133129,07/06/2022,435.02,361.51,133.75,E78.5,99386,Medicaid,Paid,
KMNU5KZZX7,4957261083,XD95669585,08/19/2022,397.97,325.99,100.9,E78.5,97110,Medicaid,Paid,
ZRC9SJ2ZDK,4957261083,NG01808101,07/28/2024,183.8,130.9,105.19,M54.5,99386,Commercial,Paid,
MQBZVHL7FZ,3904283765,AN70478163,06/30/2022,381.13,336.57,100.06,F32.9,99214,Commercial,Denied,Pre-Existing Condition
R2ARK7AETG,4957261083,YQ94109786,01/31/2023,346.42,185.21,46.32,I50.9,99396,Medicaid,Paid,
4MSKUT4H31,4957261083,WI14094599,08/15/2024,331.88,188.94,75.59,I10,99214,Self-Pay,Paid,
I4KE2HVF5R,3904283765,NU66027543,06/29/2020,420.52,384.26,107.03,R10.9,99397,Medicare,Paid,
0IWDI4764C,2021349671,WW36785815,03/14/2024,184.12,132.06,87.21,R53.0,99397,Medicaid,Denied,Out-of-Network
LRTPE2HOJL,2021349671,RS57796146,03/06/2021,168.63,150.32,119.43,N39.0,99213,Medicare,Paid,
J57S3LO1Y1,5863514709,MB87442333,12/21/2020,361.82,303.91,142.09,I48.91,90658,Medicaid,Paid,
HVBH2VQLBD,1739201857,RI99997760,01/17/2022,36.81,22.41,15.84,E78.5,99214,Medicare,Denied,Service Not Covered
5KG9T6O96E,5863514709,AS39262663,01/14/2023,446.41,236.21,50.32,E11.9,90658,Commercial,Paid,
27TPA6SHX9,2021349671,XX06311293,09/08/2023,106.71,55.36,17.34,F32.9,99213,Medicare,Paid,
05TM2WP873,3904283765,WE92092695,06/18/2020,244.28,126.14,83.21,M54.5,99386,Commercial,Denied,Pre-Existing Condition
RQHFP42NNY,2021349671,XC70668726,04/21/2020,479.92,298.96,84.0,F41.9,99203,Medicare,Pending,
6DHOB24VVM,1739201857,SL80530329,12/24/2024,465.14,454.57,311.26,I48.91,99397,Commercial,Paid,
AHJ9VN4MDF,1739201857,ZU85881812,12/01/2024,394.91,296.46,106.75,E03.9,99397,Commercial,Paid,
PRJGBQEVXD,3904283765,JO88100296,09/30/2020,389.39,263.7,82.47,F32.9,36415,Self-Pay,Paid,
M9QZS1KNZE,1739201857,BS59795098,12/25/2023,240.12,236.06,98.01,E11.9,99213,Commercial,Pending,
UPDGQXSIZF,1739201857,PD15494699,10/01/2024,76.12,62.06,7.81,I48.91,99214,Self-Pay,Paid,
UY18DWBWV3,1739201857,CL48722518,03/27/2023,358.37,200.19,95.92,R07.9,99386,Medicaid,Pending,
KFMXTQ0Q6Y,2021349671,SS14996775,12/10/2024,340.11,197.06,118.01,R07.9,99214,Medicare,Paid,
CEX9WCNRWD,1739201857,JQ95861588,02/04/2024,374.43,212.22,75.72,J20.9,93000,Commercial,Denied,Missing Documentation
NV4WHG0SS1,1739201857,GP79015380,01/16/2022,282.41,253.21,83.12,F32.9,99397,Medicare,Paid,
UWKQ2YKI6H,3904283765,IS91932350,05/04/2022,429.13,389.57,327.46,E03.9,36415,Medicare,Paid,
KFLUGXPKZS,5863514709,IJ80325695,07/14/2023,28.9,19.45,14.45,J18.9,93000,Self-Pay,Paid,
N6MATVWIAT,1739201857,LZ89608006,03/04/2022,317.57,230.79,214.88,Z00.00,93000,Commercial,Paid,
BTF5934KJ5,2021349671,AK73957067,08/29/2023,271.41,214.71,173.57,M54.5,99397,Self-Pay,Denied,Out-of-Network
DH1MSEBF9X,5863514709,LU72053800,11/11/2020,285.94,194.97,74.3,Z00.00,99386,Medicaid,Paid,
03NWTAD6YE,2021349671,AH07348045,11/13/2021,215.65,138.83,74.78,M54.5,99214,Medicare,Denied,Missing Documentation
DCMTUTE0TV,4957261083,RM23143044,09/05/2020,28.13,26.07,23.41,E11.9,99214,Medicare,Paid,
6CM9DM9GP6,1739201857,OI12309087,02/04/2024,424.92,221.46,211.25,I48.91,99213,Medicare,Paid,
AZ53WEYY3V,3904283765,GK69895098,08/07/2022,145.83,87.92,10.29,I10,99214,Commercial,Paid,
K6P8VVFKVG,4957261083,VM94608611,03/26/2023,339.68,334.84,19.98,K21.9,90658,Medicaid,Paid,
NV9ERCWRT8,2021349671,FQ15090029,08/17/2022,414.33,281.17,81.72,I48.91,99397,Medicare,Denied,Pre-Existing Condition
V5BR7E014C,5863514709,PI20667215,05/19/2022,338.69,325.35,139.93,J20.9,99214,Medicaid,Denied,Service Not Covered
QDMA92HVG1,5863514709,ED21952586,02/24/2021,136.76,78.38,31.84,E11.9,99214,Medicaid,Paid,
8F8QNK1I0F,4957261083,XA63223520,12/29/2024,159.56,136.78,18.98,E11.9,99396,Commercial,Paid,
48QIDKJVWI,3904283765,BJ96673526,12/27/2022,18.66,17.33,1.93,Z23,36415,Medicare,Paid,
QN0XUVWPIP,1739201857,KH61382840,05/23/2021,80.55,45.28,37.03,N39.0,99214,Commercial,Pending,
MNBLK8ISWX,3904283765,JQ18688085,03/04/2021,87.54,77.77,51.38,I50.9,99213,Medicare,Denied,Duplicate Claim
DV8YEEM4OO,1739201857,UC15220782,04/19/2022,252.84,185.42,89.64,F32.9,99386,Medicaid,Paid,
5CYT5MYH9S,5863514709,MI30606216,03/02/2020,317.97,256.99,101.9,E11.9,99396,Self-Pay,Paid,
HLX1P2ZS0U,5863514709,WI18968238,09/20/2024,263.23,234.62,154.16,F32.9,99397,Commercial,Paid,
VIOA0ITBTD,4957261083,AV17942639,08/04/2022,370.53,193.27,46.53,J18.9,99397,Commercial,Denied,Service Not Covered
8Q3BN9KEC7,2021349671,RU31018508,08/02/2022,74.74,47.37,5.74,E03.9,99386,Commercial,Paid,
JRRD40H9Z2,5863514709,LX55060743,08/20/2020,425.41,334.71,160.27,J44.9,99386,Commercial,Denied,Missing Documentation
WKDIOLDGOE,5863514709,YO83176882,03/26/2020,102.75,80.38,40.14,Z00.00,99213,Commercial,Denied,Service Not Covered
ZGGEGQRLN6,4957261083,IT67967838,02/18/2023,173.94,121.97,76.7,J20.9,99213,Medicaid,Pending,
AWFTAMEMJJ,5863514709,WG77391277,08/29/2021,179.87,104.94,65.99,K21.9,99213,Medicaid,Pending,
KCK02H7NXF,5863514709,RL88083595,06/11/2020,491.05,450.53,368.55,Z23,99386,Medicare,Denied,Duplicate Claim
VRDD8JTFAN,5863514709,GV80088597,01/07/2023,154.01,81.01,20.7,R10.9,99203,Self-Pay,Denied,Out-of-Network
7MVBH82D0I,3904283765,BO13507495,08/04/2022,303.03,264.52,60.15,N39.0,99213,Medicare,Paid,
ASH1ILBGI8,2021349671,RO88391080,12/28/2023,156.08,91.04,49.8,I50.9,99203,Medicaid,Paid,
UVOGAR799E,5863514709,CF12809836,05/18/2020,199.36,154.68,111.97,J20.9,99386,Medicaid,Paid,
5BVV8UP2AX,5863514709,IA94124889,09/04/2020,123.68,76.84,47.18,I10,99397,Medicaid,Denied,Missing Documentation
4HGFVQPV7R,4957261083,WW94902948,12/10/2021,184.65,129.33,81.23,J20.9,90658,Medicaid,Paid,
GSDOVU9D8X,1739201857,LF28235285,02/02/2024,114.73,101.37,27.74,K21.9,90658,Medicaid,Paid,
1YX6DQMB98,5863514709,HS33827946,01/28/2022,166.0,84.0,18.3,E11.9,99213,Commercial,Paid,
7FDHG4BCDC,5863514709,SU90327011,09/14/2024,25.56,19.78,19.28,R53.0,99203,Commercial,Pending,
TYMOPMSZ4U,5863514709,AG71714618,07/07/2022,97.78,60.89,56.89,N39.0,93000,Medicaid,Pending,
GP946KU8YD,2021349671,FM56145903,10/19/2023,178.2,133.1,82.91,I48.91,99396,Self-Pay,Paid,
VBCZO91I4M,5863514709,UE54749844,06/25/2022,492.32,359.16,321.62,E03.9,99397,Medicaid,Denied,Duplicate Claim
26M9KPV8UY,3904283765,IQ71766566,06/04/2024,188.11,165.06,134.41,F32.9,99213,Medicaid,Pending,
8Z90VN0PP8,1739201857,NQ33484468,07/11/2020,397.49,224.75,213.87,I10,99213,Commercial,Denied,Service Not Covered
RM7KZYCBHI,1739201857,AQ93799227,03/05/2021,432.58,297.29,143.63,R10.9,99386,Medicaid,Paid,
NI1O0PIH7H,1739201857,JG73675624,04/30/2024,82.67,73.34,28.13,M54.5,99214,Medicaid,Paid,
KPFSJSDT86,2021349671,TU45476862,03/28/2024,107.34,70.67,32.37,J18.9,99214,Commercial,Paid,
UZ4UBJCC54,3904283765,FL76490138,12/26/2020,269.7,156.85,69.49,I48.91,99203,Commercial,Paid,
RMGQF8RXJQ,4957261083,NU92039078,05/31/2024,255.69,213.85,207.78,E11.9,99214,Self-Pay,Pending,
AB637Y6UGI,3904283765,DK66992814,03/06/2021,460.7,455.35,311.04,M79.609,99386,Medicare,Pending,
OR2T0O0VOK,2021349671,YT37312575,03/13/2024,52.37,28.19,20.62,E03.9,99397,Medicaid,Denied,Missing Documentation
1K0DM3GNKD,2021349671,QQ46773340,08/24/2020,82.34,62.17,17.12,J44.9,99396,Commercial,Denied,Pre-Existing Condition
UWNKOW3GMP,4957261083,JX05574840,12/29/2022,442.12,382.06,193.11,K21.9,99213,Commercial,Paid,
HYBGT0O2A5,1739201857,XQ90481327,03/22/2021,271.47,227.74,217.57,K21.9,99214,Medicare,Paid,
2U1QDRGMPK,1739201857,XC57394742,12/22/2021,429.2,341.6,29.46,Z00.00,93000,Medicare,Paid,
HZR3U1RO4D,4957261083,KE04467818,04/14/2023,427.89,273.95,185.39,R53.0,99214,Medicare,Paid,
V0ZERJ7JTR,5863514709,PI55445022,02/18/2023,218.82,158.41,78.94,J18.9,99214,Self-Pay,Paid,
KTBBXKFO2F,5863514709,PJ63449771,02/23/2020,491.64,381.82,66.58,M54.5,99214,Medicare,Paid,
OBZM9PSFZF,1739201857,CG72080205,07/28/2020,44.79,36.4,8.24,E03.9,99213,Medicare,Pending,
GH83YH5QBE,2021349671,RF90859207,04/07/2021,361.42,293.71,131.07,K21.9,99213,Commercial,Paid,
OKOJGYXC03,1739201857,GQ16714380,12/13/2022,152.42,148.21,31.62,F41.9,99397,Medicare,Denied,Missing Documentation
4ZZGFPQBUD,5863514709,JR29398807,06/05/2022,95.01,93.51,39.75,M79.609,36415,Medicaid,Paid,
IF2Y8L0LI6,1739201857,ZZ45904381,08/12/2022,219.16,125.58,92.96,J18.9,36415,Medicare,Denied,Duplicate Claim
42DJBCJIXJ,4957261083,ZL44594138,12/24/2020,126.11,96.06,53.31,N39.0,99396,Medicaid,Paid,
I79M1CAAX6,5863514709,ML96990023,04/26/2024,296.34,248.17,158.82,I48.91,36415,Medicare,Pending,
CICT773VVB,2021349671,FJ67317578,07/08/2023,178.87,113.44,46.94,E11.9,36415,Commercial,Paid,
KJNQ89JLMR,2021349671,VV28731601,03/24/2021,48.16,42.08,7.41,F41.9,36415,Commercial,Paid,
J1AQ5FRLFV,3904283765,AR78175314,07/03/2021,268.23,206.12,165.41,J20.9,99396,Medicaid,Pending,
XIPBIM8ARU,3904283765,JP38484427,06/01/2022,430.61,362.31,22.53,F41.9,99397,Self-Pay,Pending,
45ODZ2MEJG,4957261083,PB25984716,08/13/2023,499.58,321.79,43.98,E78.5,99213,Medicaid,Denied,Out-of-Network
4EVFV8KTT9,2021349671,ZM60862252,01/12/2021,258.23,183.12,174.91,Z23,99386,Medicare,Denied,Service Not Covered
PF5LP207PJ,1739201857,QU28568380,08/14/2022,152.32,126.16,39.62,Z23,99214,Medicare,Pending,
1X67VE9YV3,4957261083,BO91870225,09/16/2020,67.3,38.65,10.37,I48.91,99397,Self-Pay,Denied,Out-of-Network
2JT0CYC1Y6,4957261083,YA50196496,09/13/2023,114.29,67.15,59.71,M79.609,99397,Commercial,Paid,
88A0EY023B,5863514709,UW18223329,10/09/2022,146.82,88.41,14.34,I50.9,99213,Self-Pay,Paid,
D6SW3L4SFF,3904283765,BM67827147,03/18/2021,329.7,299.85,119.49,R53.0,97110,Medicare,Paid,
C8VD64WKGF,2021349671,UH07631148,10/18/2024,381.91,361.96,179.1,N39.0,99396,Medicaid,Pending,
3C269H6SI5,3904283765,QP15620293,05/14/2021,308.89,229.45,35.44,R53.0,99396,Medicare,Paid,
HKUDSYDMSA,5863514709,IH09338420,07/06/2021,376.24,198.12,32.81,J18.9,99386,Commercial,Paid,
WRO33AXZ3M,1739201857,SR33207295,10/02/2020,114.1,101.05,70.71,E03.9,99213,Self-Pay,Paid,
ECYAKM9N1I,5863514709,WV37538689,04/04/2023,467.94,289.97,217.4,F32.9,99397,Commercial,Paid,
P14LIIXQUQ,1739201857,TU62496067,03/11/2020,34.71,28.36,3.74,E11.9,99396,Commercial,Paid,
1V1B9ACCDY,3904283765,ZB59982692,07/06/2022,391.43,243.72,36.57,R07.9,99203,Self-Pay,Pending,
PMT29033Y6,1739201857,CB35388670,06/14/2021,143.31,110.66,44.17,E11.9,99386,Medicare,Paid,
MRR6IKIA2N,2021349671,TQ74083194,12/20/2023,137.43,85.72,82.87,E11.9,93000,Medicaid,Paid,
QVZTPPM0I2,4957261083,VE93439142,07/04/2022,232.6,180.3,111.63,R10.9,90658,Medicare,Paid,
HXCHUCTYQC,4957261083,CW03046479,05/14/2024,33.05,29.53,2.65,I50.9,97110,Medicaid,Denied,Pre-Existing Condition
8O33YGSP6O,2021349671,ZS55662075,03/21/2020,216.81,189.41,144.84,E11.9,99213,Commercial,Paid,
NLZ8PKOX9L,4957261083,UU75214988,01/03/2024,238.03,224.02,112.9,F41.9,99386,Medicare,Denied,Service Not Covered
S7WQZWIBJF,1739201857,LR34460233,09/04/2023,459.01,457.51,137.95,I48.91,99213,Commercial,Denied,Service Not Covered
LWNB6TUMXJ,2021349671,LN79083571,08/03/2020,191.07,187.54,89.55,Z23,99203,Commercial,Paid,
HEEBY1C5X1,2021349671,EG17014419,06/19/2020,35.37,27.69,6.77,E78.5,99397,Commercial,Denied,Out-of-Network
L4WP4VS6NU,3904283765,WX45448703,02/28/2020,133.07,94.54,68.65,E11.9,99214,Commercial,Paid,
IYPCPWCEZH,1739201857,YT70826771,10/14/2024,33.12,21.56,18.66,E03.9,99396,Medicaid,Paid,
58JRSTO01Z,2021349671,RO32721703,04/19/2023,91.51,81.76,43.58,Z00.00,99213,Medicaid,Paid,
SXUULLUV3U,5863514709,RY05088313,08/24/2020,345.51,283.76,92.28,J18.9,99396,Medicare,Denied,Pre-Existing Condition
KC0PWLJKO3,3904283765,MN14685999,12/24/2021,366.23,308.12,96.31,N39.0,99397,Medicare,Paid,
QYG7PILNUN,4957261083,KS11639732,03/25/2023,437.0,279.5,227.85,J18.9,99396,Medicaid,Paid,
1YX5OKZOMW,1739201857,UJ14752746,03/18/2023,248.14,216.07,184.41,F41.9,99386,Self-Pay,Pending,
M4ATGQLY13,5863514709,XM82561962,08/01/2021,64.97,35.49,35.25,J44.9,99213,Commercial,Denied,Duplicate Claim
LKN0A0WBLG,2021349671,IE16597505,12/01/2020,306.72,153.36,79.34,J44.9,90658,Medicare,Denied,Missing Documentation
ON9E6YUH1W,3904283765,NK66989039,09/24/2021,312.62,263.31,52.63,J44.9,93000,Medicaid,Paid,
ZQP91MDSM2,5863514709,NP20046372,04/14/2022,49.5,33.75,25.48,E78.5,97110,Medicare,Paid,
E2LJ3OQW2P,5863514709,IY13844115,01/23/2020,457.76,447.88,267.89,R07.9,99396,Commercial,Paid,
L1QTBSARK8,2021349671,XL13483127,04/16/2021,388.2,371.1,202.41,I10,99213,Medicare,Paid,
I1PGZNXHFY,5863514709,IZ14628317,04/03/2020,227.47,165.74,127.37,E03.9,99386,Medicaid,Denied,Out-of-Network
S2GWIUA0EM,4957261083,BM52849180,09/26/2020,270.15,247.08,133.51,J20.9,99396,Medicaid,Pending,
30JCQJYI7A,2021349671,TP02585180,01/11/2022,96.54,71.27,41.83,F41.9,36415,Medicare,Pending,
S9WDYBN8GC,3904283765,FB40145039,08/09/2021,73.3,63.65,57.67,M79.609,99397,Medicare,Paid,
ULMA5LJA4S,1739201857,YI81076698,08/14/2022,261.13,246.57,111.06,E11.9,99214,Medicare,Paid,
T5EM7X8O46,1739201857,XC87773578,03/12/2024,135.12,124.56,30.76,M54.5,99397,Commercial,Denied,Pre-Existing Condition
FOPN59NLIL,4957261083,UN15831814,07/03/2022,493.9,341.95,116.7,I48.91,99396,Self-Pay,Pending,
A62YUYK1R7,3904283765,ZK66599781,08/03/2023,198.32,106.16,14.92,R07.9,99214,Medicare,Denied,Pre-Existing Condition
642DW5D6C3,2021349671,GZ39901491,02/23/2021,402.24,275.12,182.11,Z23,99397,Self-Pay,Pending,
1LCLISLJXU,1739201857,UN54218734,07/20/2022,284.81,247.41,55.24,F41.9,99203,Commercial,Pending,
JSRGVDEBJC,3904283765,WA19224669,02/26/2024,401.21,373.61,251.06,M79.609,93000,Commercial,Paid,
AZVY1ZP1GV,1739201857,YD11071234,11/03/2022,228.43,118.22,75.42,Z00.00,99213,Medicaid,Paid,
A0AX18NQBW,4957261083,SN24286804,05/31/2021,471.11,424.56,56.56,I10,99386,Medicaid,Paid,
DP1UKN9KF0,5863514709,MR37902677,11/10/2021,431.1,326.55,64.56,I48.91,99386,Medicaid,Denied,Duplicate Claim
7TPGOWGDCN,3904283765,ON26416496,12/24/2020,147.47,91.74,21.37,M54.5,99213,Commercial,Denied,Service Not Covered
2OB10T1PDD,4957261083,LZ75425152,12/24/2022,437.82,342.91,135.89,K21.9,99397,Commercial,Denied,Pre-Existing Condition
TMQNPQ03RR,2021349671,SD23491002,05/01/2024,208.64,197.32,150.43,R07.9,99214,Self-Pay,Denied,Missing Documentation
FGQO02J600,1739201857,RX13470756,08/05/2020,92.97,82.49,35.65,M54.5,99214,Commercial,Denied,Service Not Covered
TDP2KOE2YY,3904283765,EN98389053,10/31/2023,431.64,414.82,49.58,I48.91,99213,Medicaid,Denied,Missing Documentation
IXIVIEXJCV,1739201857,UT52425957,02/03/2024,431.13,230.57,220.56,F41.9,90658,Medicaid,Denied,Out-of-Network
7P7MCSB92X,4957261083,IZ32060394,10/03/2021,353.93,246.97,201.7,I48.91,99203,Medicare,Denied,Out-of-Network
BPWOA2TDNK,2021349671,QH07449868,08/12/2022,471.63,396.82,311.58,R07.9,99214,Medicare,Denied,Duplicate Claim
IXCSLH4DIK,5863514709,LP71093131,11/10/2023,233.69,127.85,63.68,F32.9,99397,Medicare,Paid,
FAWTGEF7SX,5863514709,ZC34124607,05/04/2024,238.58,122.29,82.93,I10,99213,Medicare,Paid,
YEYRUU53NP,3904283765,BL95186293,07/28/2020,443.18,284.59,107.16,M54.5,99396,Medicare,Pending,
4E6IHHJ735,5863514709,AC67102105,07/31/2024,140.81,78.41,22.04,Z00.00,99214,Medicare,Paid,
92V9SJX2NP,1739201857,FG61252579,05/14/2024,493.77,342.89,86.69,Z00.00,97110,Medicaid,Pending,
IGZSB4RG9Q,5863514709,KP58032751,09/16/2020,58.46,38.23,24.92,R53.0,99203,Commercial,Denied,Duplicate Claim
CN2B950XAS,3904283765,NN93927093,11/21/2021,410.05,238.03,218.5,I48.91,99396,Medicare,Paid,
0BNGPYTREV,2021349671,ZD70340728,12/06/2024,281.42,269.71,219.07,K21.9,99386,Commercial,Denied,Missing Documentation
M3ZM05WPN3,3904283765,ES27041193,05/30/2021,214.51,192.26,52.73,I48.91,90658,Medicaid,Denied,Duplicate Claim
IBMXSCMU0D,1739201857,PU61420225,08/24/2021,361.41,219.71,218.07,R53.0,99386,Medicaid,Pending,
AQXQ9WB2CJ,3904283765,WC65599111,01/07/2022,286.29,239.15,58.31,Z00.00,99203,Medicaid,Paid,
G7LMLYLXBY,5863514709,WU20479383,08/26/2020,224.3,195.15,93.22,F41.9,99397,Self-Pay,Denied,Duplicate Claim
QB12S558P2,4957261083,DJ40219993,12/28/2022,295.01,149.51,133.75,R07.9,99396,Commercial,Pending,
A7NKJW1TD9,2021349671,RF94806342,06/24/2022,72.12,40.06,32.61,M54.5,90658,Self-Pay,Paid,
ELHJC52NCT,5863514709,II68982008,06/15/2024,11.42,5.71,4.57,J18.9,99396,Commercial,Paid,
MA4MAMFJ70,2021349671,FO52718831,07/24/2021,398.92,204.46,145.95,N39.0,97110,Medicare,Pending,
S65LFPCRGQ,5863514709,LB12277976,01/22/2020,442.54,438.27,190.13,M54.5,90658,Commercial,Denied,Missing Documentation
V8GOXO6E7J,5863514709,LU02616038,05/05/2021,214.73,121.37,56.74,Z23,99397,Medicaid,Pending,
YA5PVR3Q4Y,3904283765,SP50410467,05/02/2021,432.94,247.47,33.65,F41.9,99386,Medicaid,Denied,Service Not Covered
9N1069C0BN,1739201857,QN93038870,11/09/2022,104.06,55.03,14.2,E11.9,99386,Self-Pay,Paid,
XIJX1MMFH1,2021349671,UH79032722,12/23/2024,353.98,205.99,114.7,F41.9,97110,Medicaid,Paid,
7FEC3PMB05,2021349671,VX82067896,09/20/2022,295.21,245.61,27.76,E78.5,36415,Self-Pay,Paid,
YV7O791P7F,2021349671,IG87114861,06/11/2020,408.68,222.34,113.43,I50.9,99396,Medicaid,Paid,
XM8J09FDKQ,3904283765,MT01184362,11/10/2020,125.83,111.92,68.29,F32.9,36415,Medicaid,Paid,
3HBUEXSHII,4957261083,WM81675273,03/20/2021,386.59,352.3,309.33,I50.9,90658,Medicaid,Paid,
GN9N4P4BB6,4957261083,LN94828861,05/25/2024,53.26,40.63,28.66,I50.9,99386,Commercial,Paid,
AU23FQVCHX,2021349671,RS29651522,05/08/2024,109.57,86.79,25.48,F41.9,99396,Medicaid,Paid,
41U1AODMY7,4957261083,HE06802526,09/23/2021,18.58,11.29,4.93,E11.9,93000,Medicare,Denied,Missing Documentation
GTAYF10Y3K,4957261083,BK95551045,05/21/2023,88.64,45.32,16.43,J18.9,99386,Commercial,Paid,
KT88JMK7DE,5863514709,IO36033332,06/04/2023,69.98,45.99,21.5,F41.9,99397,Self-Pay,Paid,
DIJQ3U863C,1739201857,MW25945019,10/31/2023,348.32,334.16,50.42,R07.9,99213,Self-Pay,Paid,
IPVJ0TEWPE,3904283765,PL77396147,07/09/2021,491.49,442.75,296.57,J20.9,99396,Medicaid,Paid,
EIQMK2HGCD,1739201857,WY30185130,03/29/2023,487.13,260.57,71.36,R07.9,99386,Medicare,Paid,
73RAPPA5CZ,2021349671,XZ99387255,01/13/2023,51.93,34.97,13.6,J18.9,99396,Medicare,Paid,
1C3Z3S2W9Z,4957261083,GU27898011,07/17/2022,473.73,428.87,197.69,J18.9,90658,Medicare,Denied,Service Not Covered
GKEHP4QCHN,2021349671,DN95123171,11/14/2023,68.56,62.28,3.43,E11.9,99213,Medicaid,Paid,
JKJD02055K,3904283765,CK16878596,08/09/2020,405.99,244.0,222.3,E78.5,99386,Medicare,Pending,
N05OOMT3OU,3904283765,RE69182236,10/04/2023,247.43,142.72,20.37,Z23,99397,Medicare,Paid,
K3ROWY38LG,3904283765,FA95579543,11/29/2021,174.07,145.04,61.7,R10.9,99213,Self-Pay,Denied,Duplicate Claim
XFCJ3OHOAY,1739201857,AF56694253,04/01/2020,106.03,104.02,75.3,Z23,93000,Commercial,Denied,Out-of-Network
R48X2TN51V,3904283765,IM02104327,01/04/2022,125.17,119.59,86.26,E03.9,99386,Medicare,Paid,
RG0FPEQZDE,5863514709,BA86043291,08/01/2023,475.13,342.57,288.76,R53.0,36415,Medicaid,Denied,Out-of-Network
QCT78DP0FH,3904283765,RH78100140,01/30/2022,458.25,261.13,82.91,F32.9,99386,Medicare,Pending,
03IPW8QZP9,2021349671,MB07670030,03/10/2022,450.26,434.13,58.51,Z23,93000,Medicare,Paid,
848ZMQ93YZ,3904283765,WQ25013516,10/19/2021,393.76,260.88,260.69,E03.9,99397,Medicaid,Pending,
WVWXJIMUPZ,2021349671,FV76893778,11/07/2023,468.85,311.43,281.44,I48.91,99214,Medicaid,Denied,Missing Documentation
JJV2JPTR56,3904283765,VX04191776,11/20/2022,388.16,271.08,27.41,R07.9,99396,Medicare,Pending,
J8GF6I6K1R,1739201857,XW02839515,10/08/2023,179.55,95.78,77.98,E78.5,99214,Commercial,Denied,Missing Documentation
24558LR8M6,3904283765,OP71857149,12/25/2022,138.32,129.16,88.92,M54.5,99396,Self-Pay,Paid,
1E4N3VFNDN,3904283765,DE91157795,12/15/2021,246.18,230.09,31.31,E11.9,97110,Self-Pay,Denied,Out-of-Network
NTMED9SUQO,5863514709,JT14676370,03/09/2021,269.81,143.91,115.49,K21.9,97110,Self-Pay,Pending,
DVX77DTNAB,5863514709,VK19257290,10/04/2022,20.14,19.07,15.01,R07.9,99397,Medicaid,Paid,
I0Q8YP4BJZ,3904283765,IA30942486,07/21/2024,411.18,206.59,187.56,I10,99213,Self-Pay,Denied,Out-of-Network
A4GU9KP441,5863514709,UN85378966,06/15/2020,332.66,281.33,68.63,I10,99214,Medicaid,Pending,
QQDH0PYNR5,4957261083,BY31602390,05/03/2020,22.93,22.47,15.15,I50.9,99396,Self-Pay,Denied,Out-of-Network
YFD8WWIF6E,3904283765,XJ54369780,11/02/2021,292.24,260.12,27.61,N39.0,99214,Medicare,Paid,
AI55VAXIR9,4957261083,TZ49669690,01/24/2023,59.54,37.77,5.98,M54.5,99214,Commercial,Denied,Service Not Covered
8N7GWQ8QPI,3904283765,VN31692317,02/17/2024,221.71,153.86,27.09,R07.9,99386,Medicaid,Paid,
95LYRNI5KP,1739201857,ZA25478462,07/19/2020,103.81,52.91,45.19,E03.9,99213,Medicare,Denied,Pre-Existing Condition
SI5VTB4Z09,1739201857,LV16067094,04/11/2024,206.9,174.45,173.35,F41.9,90658,Medicaid,Denied,Missing Documentation
3QQIJ9DP2R,5863514709,AU49181671,11/11/2023,437.81,391.91,327.89,M54.5,99214,Commercial,Paid,
OS9EAVJ8U0,2021349671,IS79275496,10/29/2021,154.61,120.31,103.73,J20.9,99397,Commercial,Denied,Service Not Covered
QKJU15ZXXW,2021349671,FM08148504,01/28/2022,295.49,235.75,45.77,I50.9,99213,Commercial,Denied,Pre-Existing Condition
AEZEEW5QW8,3904283765,WS00404167,11/06/2021,482.41,263.21,118.12,R53.0,90658,Self-Pay,Denied,Pre-Existing Condition
QTU2NIF7CM,4957261083,ZE33398565,05/08/2022,152.31,130.16,88.62,Z23,36415,Commercial,Paid,
GKTZD7PIUV,4957261083,KD50096164,06/11/2024,386.45,203.23,188.32,F41.9,99214,Medicaid,Paid,
W4E2QIAK75,5863514709,DY01788871,02/15/2020,449.25,389.63,68.46,R10.9,99213,Self-Pay,Denied,Duplicate Claim
3ESXUK3HSU,4957261083,KO75606920,07/08/2021,322.76,178.38,144.14,J44.9,99397,Self-Pay,Paid,
X4C9U4M3X2,4957261083,QJ74460312,11/16/2024,418.41,276.21,135.92,E11.9,99386,Commercial,Paid,
3UYLITRAWX,4957261083,XR93525857,01/07/2023,371.33,254.67,174.57,I10,99386,Medicare,Paid,
VAGS04WL0P,1739201857,NB40635663,03/29/2020,157.61,130.81,60.88,Z00.00,99203,Self-Pay,Paid,
IGMCAO5ZR1,1739201857,QS36173644,09/29/2021,191.65,143.83,47.58,I48.91,99213,Self-Pay,Paid,
Q23Z9RJ5OV,3904283765,JM85689410,10/11/2020,487.58,388.79,180.38,E03.9,99214,Commercial,Paid,
9CC7OE8OUN,3904283765,OI66924001,06/11/2020,355.12,188.56,139.76,E11.9,99386,Medicaid,Pending,
VU79QEFNP8,2021349671,HQ03577153,09/22/2023,77.41,66.71,11.87,K21.9,99214,Medicare,Pending,
31D7CL7RMP,1739201857,JU33021682,08/23/2022,286.99,205.5,53.35,I50.9,90658,Medicare,Paid,
0M4VV3VNIH,3904283765,AE68237382,04/21/2022,76.09,50.05,24.8,K21.9,99397,Commercial,Paid,
GSEH3GNQAM,4957261083,OB78319834,04/29/2021,79.21,73.61,62.96,Z23,99214,Medicare,Denied,Pre-Existing Condition
TGTCOICKHT,2021349671,BQ19606445,06/17/2024,471.55,396.78,342.58,Z00.00,90658,Commercial,Paid,
CJ2M19CN8F,1739201857,ZO29186884,11/28/2021,106.12,102.06,83.31,J18.9,99397,Commercial,Paid,
1100XHLC41,4957261083,MY68566219,05/10/2020,106.48,73.24,64.32,K21.9,99396,Commercial,Pending,
MF30T59VOQ,3904283765,EN72945934,02/17/2021,169.73,91.87,63.49,E11.9,36415,Medicare,Paid,
QZQTLBUON5,1739201857,MC46142026,09/26/2020,231.19,203.6,194.56,E03.9,99397,Self-Pay,Denied,Out-of-Network
HX1OFMDDG1,4957261083,ET59416682,10/25/2024,190.35,165.18,144.52,R53.0,99214,Medicaid,Paid,
Z7PVAP28XL,3904283765,GT46288528,02/24/2022,147.22,104.61,12.36,R07.9,99203,Self-Pay,Paid,
FKHSPPXZCV,1739201857,WO99644265,02/15/2020,142.39,78.2,47.12,R53.0,99214,Commercial,Denied,Out-of-Network
14NZD24C5K,1739201857,SM39064672,03/13/2020,340.06,317.03,244.0,N39.0,97110,Commercial,Denied,Missing Documentation
3KN9W5651L,4957261083,CG75875537,06/08/2022,303.05,252.53,55.15,E78.5,99396,Commercial,Denied,Duplicate Claim
POD9IUE3W7,2021349671,TZ65024904,07/05/2022,222.68,205.34,120.13,I10,99386,Medicare,Pending,
1WZKJCN0OU,3904283765,TU07120119,01/18/2023,279.53,181.77,168.98,I50.9,99396,Medicaid,Denied,Duplicate Claim
MGJ8LOPLQU,4957261083,DM13550225,04/23/2022,152.17,130.09,102.61,K21.9,90658,Medicaid,Denied,Duplicate Claim
0LIL2PENU3,1739201857,PV97764793,03/11/2021,310.69,223.35,184.53,J20.9,99213,Self-Pay,Paid,
5Z9XU769MN,2021349671,AE37696871,02/05/2022,89.67,45.84,25.48,Z23,99213,Commercial,Denied,Out-of-Network
4Y4UMUAQ95,1739201857,ZF94609238,01/08/2021,332.13,292.07,285.61,K21.9,99203,Commercial,Pending,
GO7LQ8NODC,5863514709,SU28116678,05/27/2024,405.86,387.93,346.29,I10,99213,Medicare,Paid,
3RP1E868CY,2021349671,KD59913001,05/19/2024,58.77,32.39,13.94,J18.9,99386,Medicare,Denied,Pre-Existing Condition
1NZUNM3HHQ,2021349671,IZ67132197,12/23/2023,269.83,200.92,107.49,E78.5,99213,Commercial,Denied,Out-of-Network
DUT9MSMQ4W,1739201857,PB55238680,08/02/2020,481.4,329.7,229.07,R10.9,99213,Medicare,Paid,
LZIXRH201S,4957261083,QT09819791,01/10/2023,389.43,221.72,104.47,Z00.00,93000,Commercial,Paid,
UQ55XI5OY7,2021349671,ED31071706,07/27/2024,411.45,270.73,124.57,I48.91,99396,Self-Pay,Denied,Duplicate Claim
R1QL1XO3TG,1739201857,FU31784345,08/05/2021,216.39,132.2,68.82,K21.9,99214,Commercial,Paid,
17TZJY9HHI,5863514709,IN99611096,12/14/2021,456.49,416.25,307.82,Z23,99213,Medicare,Paid,
W7PIRSQ3GZ,2021349671,KE13121523,07/27/2022,481.61,275.81,58.08,R53.0,99397,Medicare,Pending,
K3ERD3MTEX,4957261083,ME28917220,06/21/2022,206.41,111.21,46.32,E78.5,99396,Medicare,Paid,
G82F43A4JV,3904283765,KT50292699,11/01/2022,452.45,428.23,417.62,F41.9,97110,Commercial,Paid,
LX55DFAQUO,5863514709,DD32711208,08/19/2022,238.83,195.42,118.94,R10.9,99213,Medicare,Denied,Duplicate Claim
JWA9TUQW1B,1739201857,RJ59776320,02/13/2020,481.53,441.77,366.08,Z00.00,99397,Medicare,Pending,
28YBVD23B3,5863514709,RT98560919,04/12/2022,392.44,248.22,158.62,I50.9,99397,Commercial,Paid,
8500HNQTQC,3904283765,MP55364412,01/03/2020,267.79,191.9,40.39,J20.9,99397,Commercial,Denied,Out-of-Network
L1BDAA797H,1739201857,BS64065997,01/13/2020,470.26,407.13,276.51,J44.9,99213,Commercial,Paid,
29QBP0WK7V,3904283765,HD15031635,07/06/2024,297.15,272.58,224.86,Z00.00,99386,Commercial,Paid,
58H9LPQMGQ,1739201857,FJ53726365,04/28/2024,40.17,26.09,7.01,E11.9,36415,Self-Pay,Denied,Out-of-Network
DAR04SVSUX,4957261083,JI26955441,12/12/2022,123.97,98.99,53.2,E78.5,99386,Medicare,Denied,Missing Documentation
RKAQODHEJX,5863514709,UV18130173,03/06/2023,287.21,166.61,159.36,M54.5,99386,Commercial,Paid,
S969253QR3,4957261083,AW45707257,06/02/2023,40.08,24.04,24.0,E11.9,99386,Medicare,Paid,
W1BN29L73D,2021349671,GG11874068,09/27/2024,77.4,55.7,48.87,Z00.00,36415,Commercial,Pending,
BK1D2YBE0S,2021349671,HS89560860,11/30/2024,433.1,229.55,33.66,M79.609,99214,Medicaid,Paid,
SS0OHQLH8Y,2021349671,HG60515487,03/12/2024,143.75,137.88,106.19,K21.9,93000,Medicare,Denied,Service Not Covered
0QH7TZ8W3J,5863514709,GB60858549,01/03/2020,15.56,10.78,5.78,I10,99386,Commercial,Paid,
QSEEJ7XF1Z,4957261083,CJ87078312,09/17/2023,271.73,188.87,162.59,I48.91,99214,Medicare,Paid,
EH1G1KGHXL,1739201857,ZO10776578,12/10/2024,419.19,339.6,231.96,E03.9,99213,Medicaid,Paid,
1W88BFJG8N,4957261083,BY26122225,12/30/2024,355.9,212.95,181.8,Z23,90658,Commercial,Paid,
RH5L7NX5LB,2021349671,GW00019188,03/19/2024,344.41,201.21,26.22,M54.5,90658,Medicare,Paid,
BBGRX3ULON,5863514709,TC84384313,08/18/2022,11.32,5.66,3.57,Z23,99396,Commercial,Paid,
M03U550TZG,3904283765,RD03394156,03/17/2021,368.18,243.09,91.41,R07.9,99386,Medicare,Pending,
QRP3FKQW72,5863514709,UH73128343,05/05/2022,162.59,124.3,124.13,E11.9,99396,Medicaid,Denied,Out-of-Network
F492RVI9UO,2021349671,VP37595650,01/25/2021,439.85,374.93,66.99,K21.9,99214,Medicaid,Paid,
3GESYH5GG7,5863514709,IZ06766714,11/29/2020,197.42,108.71,90.87,N39.0,99213,Medicaid,Paid,
MO9L8ZCI54,5863514709,YC49595282,12/03/2024,52.39,39.2,4.62,J44.9,93000,Self-Pay,Paid,
9WVLCFPK3D,5863514709,LW34029122,08/01/2020,351.37,304.69,299.57,Z23,99213,Medicare,Paid,
3HZIPAY998,3904283765,GR63085747,05/25/2020,217.94,126.97,67.9,N39.0,99213,Medicare,Paid,
UNMAQYUBOG,3904283765,TX36123921,03/23/2021,333.51,266.76,146.68,E78.5,99214,Commercial,Paid,
CX9AC5Q8N1,4957261083,SY06980648,04/21/2020,350.7,238.35,139.54,F41.9,99203,Commercial,Denied,Out-of-Network
E3ZX4IQDSE,2021349671,DQ61942978,07/27/2023,81.93,54.97,8.1,N39.0,99396,Medicare,Paid,
MSD2WVVWYC,3904283765,UW23257477,12/22/2021,285.51,236.76,113.28,E03.9,99213,Medicare,Paid,
VLX6Y4DIWP,5863514709,YH67611665,07/08/2020,92.59,50.3,37.63,J20.9,99396,Medicare,Pending,
N3JFCCH3RK,4957261083,WV92046899,04/07/2022,230.2,179.1,77.51,F32.9,99386,Commercial,Denied,Duplicate Claim
8OO2BSR59X,3904283765,ZE26394316,02/25/2020,390.95,340.48,83.55,E78.5,99386,Self-Pay,Paid,
D3Q6SIU7QU,1739201857,IO13181178,09/23/2023,216.8,142.4,61.84,E78.5,99386,Medicaid,Paid,
UD5X95RGPX,2021349671,AC48121538,07/14/2020,430.6,259.3,126.53,E03.9,99397,Medicaid,Paid,
U2XBX5WABW,4957261083,TL39709687,01/20/2020,143.29,100.65,21.16,N39.0,99203,Commercial,Paid,
8MLIJMWFAC,2021349671,DX24131077,03/05/2023,90.43,74.22,51.52,Z23,99213,Medicare,Pending,
OGPHY2VZDH,1739201857,KZ51944319,07/17/2021,231.83,140.92,116.59,R07.9,99397,Commercial,Paid,
UHETCEB68K,1739201857,CT02739564,09/26/2022,409.66,305.83,173.48,Z00.00,99213,Medicare,Pending,
9BWS69JOR1,1739201857,OC90047115,02/02/2020,238.7,199.35,45.94,R53.0,99386,Commercial,Denied,Missing Documentation
UNAZO5F7JD,5863514709,LG91419078,04/09/2020,109.37,66.69,5.47,J18.9,99213,Medicaid,Paid,
JC1CUK5Y11,4957261083,GM53425074,02/20/2021,136.17,110.09,11.81,F32.9,99213,Self-Pay,Paid,
5ATYJCRMMI,5863514709,HW74405278,12/03/2024,267.68,224.84,22.38,M54.5,99214,Commercial,Pending,
JC6FTII5LK,2021349671,NY99560245,07/05/2022,341.25,204.63,167.06,Z23,99386,Commercial,Paid,
TYKX5PF2ZL,3904283765,RF28966101,03/08/2022,164.51,112.26,48.23,F32.9,99213,Medicare,Pending,
1GBUUP89MG,2021349671,XX23671006,05/26/2020,172.77,124.39,16.64,K21.9,99386,Medicaid,Paid,
I6ZYC9D83F,1739201857,OW91121738,09/11/2023,406.34,247.17,28.32,E11.9,99214,Self-Pay,Pending,
K3M4BFQLXZ,2021349671,AU19290602,05/26/2022,19.59,13.8,3.98,F41.9,99213,Medicaid,Paid,
AQOOEPNE8M,5863514709,OS08529801,09/02/2024,368.22,320.11,269.41,E78.5,99214,Medicaid,Paid,
CH4SOINBFU,2021349671,MW90629021,02/11/2021,433.56,234.78,232.68,Z23,99203,Medicaid,Denied,Pre-Existing Condition
HVR8KNP990,5863514709,QW39596525,06/10/2024,19.06,18.53,8.95,F41.9,99214,Commercial,Denied,Missing Documentation
BN7EMRI9TO,1739201857,JB47083442,05/11/2022,165.23,93.62,43.26,Z00.00,93000,Medicare,Denied,Service Not Covered
DFR8GMHO7U,3904283765,OZ65936596,01/20/2021,169.88,159.94,105.49,K21.9,99213,Medicaid,Pending,
JRJ8MWLDE1,4957261083,IW61900119,07/10/2022,318.14,181.07,106.91,R53.0,99386,Medicare,Paid,
2A9TD3S9W4,3904283765,ZF32483587,03/15/2021,85.6,50.8,9.28,I10,99386,Commercial,Denied,Out-of-Network
4D03IUPTI0,4957261083,NZ43154672,12/22/2023,355.89,280.95,62.79,Z23,90658,Medicaid,Paid,
E5AX4APEHE,5863514709,JI39795533,05/29/2023,394.75,289.38,124.74,J20.9,36415,Medicare,Denied,Out-of-Network
GN38Z542AK,2021349671,PU73681530,12/01/2020,60.67,52.34,33.03,I48.91,99213,Self-Pay,Denied,Service Not Covered
AFJO3XVYKZ,1739201857,KN39347580,02/28/2024,183.19,142.6,71.16,Z00.00,99386,Medicare,Denied,Missing Documentation
VUC46FDC4T,3904283765,SA24507083,07/20/2023,410.73,212.37,163.54,F41.9,99203,Medicaid,Denied,Service Not Covered
JUUT53B3T2,5863514709,HE19902400,05/25/2022,103.31,70.66,43.17,Z23,99386,Medicaid,Paid,
OPUGOWWOGG,5863514709,RI44374863,07/14/2024,51.55,43.78,31.58,I10,99213,Medicare,Denied,Pre-Existing Condition
KNY0VZQVCH,2021349671,ZA22608639,10/26/2020,255.63,152.82,64.78,I48.91,90658,Medicare,Paid,
1569IN9J2Y,5863514709,UZ30148123,09/22/2021,21.79,19.9,2.09,I10,93000,Medicaid,Denied,Duplicate Claim
K4PDRQBEIU,5863514709,VR43284415,01/20/2023,38.36,33.18,27.92,E78.5,99214,Commercial,Paid,
J4WJ1R807B,1739201857,SL82051593,08/17/2024,429.84,243.92,90.49,I50.9,99203,Commercial,Pending,
FZG8SIMCPH,1739201857,QK46684008,08/27/2024,370.54,328.27,193.53,M79.609,99386,Medicare,Denied,Out-of-Network
20EL5O5ZFD,1739201857,UD58122269,05/26/2023,264.95,250.48,84.25,E11.9,99203,Self-Pay,Denied,Pre-Existing Condition
YGKM0LN8LV,4957261083,YG46065338,04/04/2023,23.4,12.7,11.17,I48.91,36415,Medicaid,Paid,
3VPN5MEOU7,1739201857,AG93667652,03/30/2021,23.64,13.82,3.18,Z00.00,36415,Medicare,Denied,Out-of-Network
W633TMIN92,2021349671,SQ67598776,09/20/2022,347.45,208.73,194.37,R53.0,99386,Self-Pay,Paid,
VO94QEPQP8,2021349671,XV50444725,11/11/2024,152.05,145.03,51.6,Z00.00,97110,Medicaid,Paid,
1OTA5JJIO1,2021349671,DD07632215,06/19/2020,175.29,104.65,23.76,R10.9,90658,Medicaid,Paid,
2FW1U3WPRK,5863514709,WZ57751129,05/23/2023,81.93,66.97,14.1,M54.5,99386,Medicare,Denied,Missing Documentation
JN6IBK68YM,5863514709,GX04883210,03/03/2022,158.08,120.04,118.9,M54.5,97110,Medicare,Denied,Duplicate Claim
LGMR1BWS3N,2021349671,IO73977217,12/30/2020,403.41,201.71,125.17,F32.9,99397,Self-Pay,Paid,
D7L3XD4C3S,5863514709,LS06288709,10/04/2024,328.25,233.13,122.41,M54.5,99213,Commercial,Paid,
IQTUA9YOPP,1739201857,TV68932159,05/13/2022,364.29,205.15,126.21,R07.9,97110,Commercial,Paid,
YSFF5U3S4Z,3904283765,IF68165645,04/12/2020,223.31,156.66,32.17,N39.0,99213,Medicare,Pending,
ZTV1ZA32YS,4957261083,DQ78984033,01/19/2021,69.75,43.88,38.49,K21.9,97110,Medicaid,Denied,Service Not Covered
K9JTITAKMZ,4957261083,MV19807272,05/08/2024,330.93,203.47,200.55,J20.9,99214,Commercial,Denied,Out-of-Network
4IB3ZJUYJB,1739201857,LQ05087424,02/02/2022,90.56,77.28,10.53,J20.9,99397,Commercial,Paid,
EDOCRVHX1E,4957261083,KS29474172,05/22/2024,400.92,264.46,68.05,I10,99203,Self-Pay,Paid,
J7YFATI6T9,2021349671,OP96017894,03/20/2022,191.23,108.62,9.56,E11.9,99213,Medicare,Paid,
CSAD2P08SR,2021349671,UV76732856,09/30/2023,79.36,48.68,26.97,F41.9,93000,Self-Pay,Paid,
4KH4DR2HOE,1739201857,SS01437985,09/02/2020,333.38,257.69,150.67,R10.9,99397,Commercial,Paid,
XHYYVGAMB5,2021349671,ZL16206538,06/20/2021,426.26,331.13,233.31,R07.9,99386,Commercial,Paid,
4FS7LJB69W,1739201857,TG82957184,04/08/2020,207.47,193.74,66.37,E03.9,99214,Commercial,Paid,
P2V306S5JN,1739201857,OY39046779,10/28/2022,148.1,116.05,111.41,N39.0,36415,Commercial,Paid,
YL3EXMK0NX,2021349671,HJ84739124,01/09/2020,95.89,57.95,44.79,I10,99396,Medicare,Paid,
EN6RMPGZJ4,4957261083,ZG31695138,03/02/2020,449.76,241.88,140.49,R53.0,99213,Medicaid,Denied,Missing Documentation
JDCVZ53XOY,3904283765,JV64380855,03/30/2022,44.64,27.32,23.23,M79.609,90658,Self-Pay,Denied,Missing Documentation
UK4RW0Z0QA,5863514709,YF71518108,06/27/2024,81.63,71.82,66.08,J20.9,99386,Medicare,Paid,
PE53TU6B5P,5863514709,XX68671300,10/29/2020,482.6,252.3,25.13,J18.9,99386,Medicare,Paid,
YEXONISJ15,5863514709,WP13398021,01/28/2020,68.66,63.33,27.43,N39.0,99386,Medicaid,Pending,
7NHXXIUIG2,1739201857,XI29623670,03/08/2021,344.89,212.45,139.24,J18.9,99397,Medicaid,Paid,
BJ2QXOJTH3,3904283765,WS66323122,01/07/2021,378.87,316.44,283.94,J20.9,99397,Medicaid,Denied,Service Not Covered
MH2Q8W752P,4957261083,DG74641979,04/18/2021,427.06,305.53,214.35,E78.5,99214,Medicare,Paid,
V6LLAMQYRH,1739201857,NK62504485,11/10/2020,138.61,93.31,76.93,E03.9,99214,Commercial,Denied,Duplicate Claim
I15YA7HYLE,2021349671,IS19839022,11/17/2024,489.3,375.65,123.47,R53.0,99386,Medicare,Denied,Service Not Covered
4T4U0FUS3R,3904283765,WS30966670,08/20/2022,13.88,7.94,4.69,M79.609,97110,Self-Pay,Paid,
SHC8YPSYRK,3904283765,RJ54186927,05/20/2022,246.25,240.13,24.31,I10,99214,Self-Pay,Denied,Duplicate Claim
MRB92WKW1W,3904283765,VO79997251,02/14/2021,432.47,247.24,200.62,I50.9,99203,Medicare,Paid,
AVHDU0GWHZ,2021349671,CB56682765,01/27/2022,108.64,101.32,5.43,M54.5,99397,Commercial,Paid,
FKQNNPW3KL,1739201857,CV56810359,09/23/2020,339.43,221.72,52.97,R07.9,99386,Self-Pay,Paid,
IWYADHNQR3,3904283765,LG76781984,11/19/2021,295.52,213.76,117.78,R07.9,99214,Commercial,Paid,
1UIWJT8H3N,5863514709,FS82337767,09/22/2024,180.95,122.48,101.05,I50.9,99397,Commercial,Pending,
8MHQYFRONJ,5863514709,OS51502513,01/28/2020,61.61,44.81,33.08,J44.9,99214,Commercial,Paid,
25H4PA9SKW,1739201857,YK74717514,11/25/2020,218.11,123.06,26.91,E11.9,99396,Commercial,Denied,Service Not Covered
6Q95W2GWZH,4957261083,AK55666716,03/02/2023,392.46,211.23,128.62,N39.0,97110,Medicare,Pending,
QXJION5RIX,5863514709,TX56249630,01/09/2021,349.81,322.91,93.49,I48.91,90658,Medicare,Paid,
YKINHBZCSF,5863514709,KL35625809,06/16/2024,317.54,184.77,91.88,J44.9,99213,Medicare,Paid,
NB701CML5L,5863514709,CN77684468,02/27/2023,34.15,18.08,4.71,N39.0,99203,Commercial,Denied,Missing Documentation
DBF9E6683O,2021349671,XI64138373,07/06/2023,151.49,89.75,88.57,E03.9,36415,Medicare,Paid,
EGSL9PK90D,5863514709,YV25955514,12/21/2023,473.17,302.59,27.66,R53.0,99397,Self-Pay,Denied,Service Not Covered
HXC4NZAWC7,5863514709,FR29420832,02/07/2022,396.66,369.33,282.83,N39.0,99213,Medicare,Denied,Pre-Existing Condition
HZAZX2YEUV,5863514709,OO79930099,10/13/2021,62.04,45.02,13.1,K21.9,99214,Medicare,Paid,
J342DSSY1J,2021349671,QD37508855,12/20/2020,76.03,51.02,36.8,Z00.00,99386,Commercial,Pending,
E616Y71KGG,4957261083,TF57727327,09/25/2024,40.17,29.09,8.01,R07.9,99214,Medicare,Pending,
4NJYMCCZH8,2021349671,LO26073976,02/12/2020,31.16,22.58,9.56,K21.9,99397,Medicaid,Denied,Pre-Existing Condition
SKMFYXU9LN,5863514709,JU65054115,05/31/2024,281.21,230.61,204.06,E11.9,97110,Self-Pay,Denied,Duplicate Claim
QLXQYR7784,5863514709,UN43851264,04/02/2020,390.5,342.25,256.53,I10,99397,Medicare,Denied,Missing Documentation
BPQ01GXFA3,3904283765,XO36218745,12/02/2021,49.39,45.7,3.47,E78.5,99213,Commercial,Pending,
OHNX3206YL,5863514709,NU60057110,06/29/2024,398.26,376.13,183.91,J44.9,93000,Medicare,Paid,
9DYFIOLMEE,4957261083,WU70709554,10/29/2023,266.61,153.31,14.33,N39.0,99397,Medicaid,Denied,Missing Documentation
W8MR48TZW5,4957261083,HU54033416,06/02/2021,425.53,373.77,308.28,R07.9,99386,Self-Pay,Pending,
TKYTCUIZ38,3904283765,ZJ50857104,02/12/2020,487.4,377.7,234.37,R07.9,99397,Self-Pay,Paid,
7RJ84D737J,2021349671,VH64590015,11/27/2023,94.1,80.05,52.71,R53.0,93000,Medicaid,Denied,Pre-Existing Condition
NGXLKG11ZB,5863514709,WT14143289,01/16/2023,32.18,18.09,5.61,R07.9,99213,Commercial,Paid,
LYWK6QIELN,2021349671,BU62925467,08/28/2024,266.88,243.44,205.34,F41.9,99386,Medicaid,Denied,Pre-Existing Condition
0GJ3JWLDB5,3904283765,GX95227784,11/27/2021,365.51,347.76,138.28,I50.9,97110,Commercial,Paid,
4LZ5ZMG8Q3,5863514709,XG12771799,08/18/2024,461.99,278.0,271.1,J44.9,97110,Medicaid,Paid,
97CE7PU80T,1739201857,CL31712507,10/04/2024,235.81,191.91,78.79,F41.9,90658,Commercial,Paid,
OEC6P4ZTI3,2021349671,LT87625425,03/11/2023,398.35,277.18,52.92,R07.9,90658,Commercial,Paid,
LB81BW0HBE,1739201857,DE09901761,06/19/2021,291.77,227.89,76.59,E11.9,99203,Medicaid,Paid,
2AP4UYICXS,4957261083,HC70192584,03/30/2024,159.42,115.71,22.97,M79.609,99214,Commercial,Denied,Missing Documentation
4KN8O095R6,3904283765,TE10039748,07/23/2020,232.31,122.16,33.62,K21.9,99214,Medicaid,Paid,
3HK6EQLTI6,3904283765,DW25673807,04/13/2020,460.4,452.2,50.02,F41.9,93000,Medicare,Denied,Service Not Covered
NCG9LC2PRU,2021349671,AA95076983,07/12/2022,272.86,152.43,118.64,E78.5,99213,Commercial,Pending,
QSTF19RNTG,5863514709,ZV87210376,12/23/2023,138.83,97.42,66.94,F32.9,90658,Commercial,Pending,
QUG5WXX0BK,5863514709,JN98373535,05/16/2023,329.06,277.53,131.45,I10,99213,Medicare,Denied,Out-of-Network
3WE6BH4K7X,4957261083,HQ79564086,08/18/2024,92.39,52.2,51.62,I10,99214,Medicare,Paid,
7A1SNKBE7U,5863514709,TT20680805,03/07/2024,131.13,77.57,35.56,R10.9,99214,Self-Pay,Paid,
PQYMKIQD41,3904283765,RZ94418068,07/06/2021,313.55,311.78,287.68,R53.0,97110,Medicaid,Paid,
81OUO1OOK8,5863514709,FQ54007141,02/21/2022,311.04,292.52,100.55,E03.9,99213,Medicaid,Paid,
6DY07PGL1S,1739201857,RP49667277,06/15/2023,193.74,178.87,176.69,Z23,99396,Medicare,Paid,
OPKE2N3B2B,5863514709,NY97545471,02/14/2021,107.25,98.63,63.36,E03.9,99213,Medicaid,Denied,Out-of-Network
ZVKLC5PCHI,3904283765,JF37438307,03/19/2020,277.66,180.83,95.88,M79.609,93000,Medicare,Paid,
KP46TBP4PO,1739201857,PY64494592,06/29/2024,152.01,88.01,54.6,F32.9,99213,Medicare,Denied,Service Not Covered
U8TR5GDAKH,4957261083,EE58913900,07/08/2023,358.39,200.2,76.92,R10.9,99213,Medicaid,Denied,Out-of-Network
MQJ9J1B5AB,3904283765,KO17845568,09/08/2022,34.21,30.11,5.71,R53.0,99397,Self-Pay,Denied,Service Not Covered
37EF277GFN,2021349671,VQ07394262,07/29/2022,255.52,214.76,62.78,R07.9,99213,Commercial,Pending,
IPEZ50IB66,2021349671,OP51460973,03/03/2021,168.7,138.35,106.44,J20.9,99396,Medicaid,Pending,
9PHUNPK637,3904283765,TB58138007,09/18/2024,160.6,137.3,65.03,F41.9,99396,Commercial,Paid,
NW2PXMOP2Q,1739201857,LF80695875,08/09/2023,461.26,307.63,159.06,J18.9,36415,Medicaid,Denied,Missing Documentation
TMQ8O6FHCF,3904283765,MR48122667,11/16/2023,194.2,128.1,27.71,R53.0,99396,Commercial,Denied,Out-of-Network
74O57I4AMV,4957261083,TB53411716,12/27/2024,295.14,191.57,149.76,F41.9,90658,Medicare,Pending,
YIL8FQRYLQ,1739201857,CE23483003,06/22/2022,283.48,236.74,207.17,F41.9,97110,Medicaid,Denied,Pre-Existing Condition
P2KKZXOPJ0,3904283765,BI54676569,06/26/2024,336.95,316.48,58.85,I48.91,99213,Medicare,Denied,Pre-Existing Condition
ZZSADMT3OO,3904283765,ZP24112360,03/14/2020,498.47,365.24,211.92,R53.0,36415,Self-Pay,Denied,Service Not Covered
4H8CJWVPDM,3904283765,DV00614355,08/02/2022,397.79,382.9,70.89,J44.9,99214,Medicaid,Paid,
66MZVBTMM7,4957261083,PZ36608810,01/05/2020,96.69,75.35,4.83,I48.91,99214,Self-Pay,Paid,
Z3A6KKQDNP,1739201857,SD51669744,11/17/2024,237.82,147.91,21.89,Z23,99396,Medicare,Pending,
M0HA4KCCX9,2021349671,RC48165887,11/12/2020,28.14,19.07,5.41,E11.9,99213,Commercial,Denied,Out-of-Network
OANKY9QB6V,4957261083,PB64916371,09/18/2023,327.42,239.71,208.37,Z00.00,99213,Commercial,Paid,
AH1UA44Q7Z,5863514709,GF75842851,07/29/2022,302.4,225.2,177.12,F32.9,90658,Commercial,Paid,
0J0QN4922U,4957261083,BI63784302,08/18/2024,186.56,185.28,24.33,F41.9,99203,Commercial,Paid,
5WJN4P0886,3904283765,GY88299966,01/03/2024,155.35,148.68,126.77,I10,99214,Medicare,Pending,
69IPCFAWRN,1739201857,CG71849085,09/11/2021,355.38,196.69,98.77,N39.0,99213,Commercial,Paid,
0VMUSWK7WE,2021349671,FP59822874,01/05/2024,170.44,127.22,23.52,I50.9,97110,Self-Pay,Denied,Service Not Covered
MT5I8RKTBI,5863514709,OC72356994,04/14/2024,284.71,210.36,105.24,F41.9,99203,Medicare,Paid,
JXO7RB6ELA,1739201857,WF51777031,01/21/2020,58.51,49.26,20.93,I10,99396,Medicare,Paid,
A2YLHQM1IX,3904283765,AK48927075,08/12/2020,140.93,103.47,74.05,E78.5,99396,Medicare,Paid,
MAN49VOAA1,3904283765,WO54268810,05/02/2020,195.85,139.93,46.79,K21.9,99213,Medicare,Denied,Pre-Existing Condition
VWCGQKJ6VR,1739201857,DR87275690,06/13/2022,37.28,29.64,4.86,I48.91,99213,Commercial,Paid,
WCZ4KMBGMA,4957261083,WO60135891,06/15/2024,115.2,62.6,42.76,J44.9,99214,Medicare,Pending,
T6JNUSS5XH,3904283765,ZT00441472,08/21/2020,240.02,129.01,56.0,F32.9,99397,Medicaid,Paid,
J7HHKD7MUF,4957261083,IE48592587,03/22/2024,63.34,44.67,27.17,E78.5,99213,Medicaid,Denied,Missing Documentation
2L9M0ZUPRM,5863514709,HM72891880,09/23/2021,31.92,20.96,17.6,I50.9,90658,Medicare,Paid,
FHVLJ0XW9Y,3904283765,FO68435119,05/10/2020,115.81,102.91,30.79,Z23,99396,Self-Pay,Paid,
NAFP6STBXX,4957261083,FM15974532,03/22/2021,29.14,28.57,21.46,R53.0,93000,Medicare,Paid,
XHCNH8G03U,3904283765,KP17675737,09/16/2022,320.47,174.24,52.02,E78.5,99396,Medicaid,Denied,Missing Documentation
K6QHKDRVB0,1739201857,KE68801261,08/26/2024,88.78,83.39,24.44,J20.9,97110,Medicaid,Denied,Duplicate Claim
0HBQVQAQC3,4957261083,KT51917403,03/17/2023,206.82,169.41,59.34,J44.9,36415,Commercial,Paid,
EGCXUKVTV6,3904283765,XO33576102,04/22/2024,201.09,164.55,159.05,K21.9,97110,Medicare,Paid,
2NMD0E4DXZ,3904283765,FN40487061,10/13/2021,434.47,430.24,347.72,F41.9,99213,Medicaid,Paid,
XFXF9B8S1X,1739201857,KP65588056,04/03/2024,121.98,63.99,56.1,I48.91,99213,Medicaid,Pending,
1WACILN054,2021349671,ZT99374948,09/04/2020,149.22,98.61,72.46,J44.9,97110,Commercial,Paid,
PHW5V11ZEK,2021349671,PG27821836,08/25/2021,190.35,96.18,72.52,R07.9,99213,Medicare,Pending,
8I2SAHMR8D,2021349671,ME64721061,09/22/2023,183.14,146.57,145.16,F41.9,99213,Medicaid,Pending,
HVBB5BNHXZ,1739201857,QF96398496,03/22/2021,250.41,197.21,119.52,R53.0,99386,Commercial,Denied,Out-of-Network
UTY561Q3JV,2021349671,NC27134461,04/10/2020,460.56,430.28,52.03,J20.9,99213,Medicaid,Denied,Duplicate Claim
ZDXSD7KG3R,1739201857,AO56538979,04/28/2021,453.1,415.55,95.66,E03.9,99397,Medicare,Pending,
D6GUUA4NUM,5863514709,FL27908627,02/23/2023,277.33,230.67,164.87,J20.9,90658,Commercial,Denied,Pre-Existing Condition
QD84W0X8D0,4957261083,OI56162682,06/25/2022,406.22,288.11,141.31,J20.9,99397,Commercial,Paid,
9R37DKEP7Q,3904283765,JI70426451,05/22/2021,484.0,482.0,297.2,I10,99213,Medicaid,Denied,Duplicate Claim
PITMZ7TF5L,3904283765,JC76210134,12/20/2020,450.44,266.22,244.52,R10.9,99213,Commercial,Paid,
1ZBB60PBDM,1739201857,GP05050179,08/27/2022,192.37,190.19,76.62,I48.91,99396,Commercial,Denied,Missing Documentation
P22O99XKVR,5863514709,EX71308494,02/14/2021,262.22,232.11,172.11,Z23,99386,Commercial,Denied,Duplicate Claim
NVOXDFBXDW,1739201857,DH15070321,06/08/2023,339.1,233.55,17.96,M79.609,99213,Medicaid,Paid,
CZDX0AU37Q,2021349671,PF61674664,11/22/2023,495.86,313.93,66.79,M54.5,99214,Medicaid,Pending,
7A57THYSLN,4957261083,GI09508001,06/23/2021,452.06,282.03,175.6,E11.9,99213,Commercial,Denied,Pre-Existing Condition
7Q7ZLFLM4K,2021349671,AJ91942922,06/23/2023,194.89,133.45,93.74,Z00.00,93000,Commercial,Paid,
0VEY3U0YSU,1739201857,CS38690922,09/02/2020,489.17,317.59,170.46,Z00.00,99203,Commercial,Pending,
NDZR42KLSB,5863514709,OO45521664,07/05/2023,269.09,208.55,79.45,I10,93000,Self-Pay,Pending,
1Z1YVQKYS0,1739201857,MI12738205,04/01/2024,435.78,289.89,171.79,E03.9,99386,Medicaid,Paid,
MMCP4X74IJ,3904283765,HR96329610,07/04/2021,356.16,333.08,221.81,E11.9,99214,Medicaid,Pending,
49T1SXCJ2S,5863514709,XN83755735,06/20/2022,357.1,330.55,222.86,I10,36415,Commercial,Paid,
TRD8OPWLVW,3904283765,DK47929812,04/13/2021,188.26,117.13,48.41,J18.9,99397,Medicaid,Denied,Duplicate Claim
KWB9RZBGTI,5863514709,ME07727657,08/01/2020,17.69,12.85,1.88,K21.9,99386,Medicare,Denied,Duplicate Claim
0MX076VJRO,3904283765,PB81315771,04/28/2022,219.9,210.95,40.0,Z00.00,99214,Self-Pay,Pending,
2L2EYYY5E7,1739201857,WB56160885,11/11/2024,421.64,221.82,177.08,Z23,99397,Self-Pay,Pending,
1IO30WT6U0,1739201857,VR72130809,08/05/2022,421.18,222.59,23.06,E03.9,99213,Medicare,Paid,
O7OZ52OXXR,4957261083,LC31689654,10/02/2020,283.04,224.52,178.15,F41.9,36415,Medicaid,Paid,
ASTGQ3JVU4,5863514709,DU54110890,04/14/2020,132.37,102.19,57.62,I48.91,93000,Commercial,Denied,Duplicate Claim
D28F3SNIP2,4957261083,AG52765908,01/12/2022,60.03,31.02,6.0,Z23,99386,Medicare,Paid,
AEKPHOATFD,2021349671,UT87301904,10/12/2023,76.74,42.37,41.84,M54.5,90658,Medicare,Denied,Pre-Existing Condition
EUZ6IUBIGB,3904283765,CQ94111790,03/12/2023,101.09,93.55,7.05,M54.5,99396,Medicare,Denied,Pre-Existing Condition
NL95XC3SCS,4957261083,QT80422287,05/19/2021,97.93,91.97,61.9,I10,99386,Commercial,Paid,
Q1GCADRAMY,2021349671,HH91752189,12/14/2020,418.89,392.45,44.94,K21.9,99396,Medicare,Paid,
BGW1G5H4V7,5863514709,NU24239590,05/18/2021,429.38,419.69,200.47,J44.9,99214,Medicare,Paid,
72UQDAR4KV,5863514709,JQ68002473,07/16/2020,278.84,248.42,92.94,M54.5,99214,Commercial,Denied,Missing Documentation
15JG57O70N,4957261083,ZT84954334,11/21/2024,463.32,455.66,310.17,M79.609,99214,Self-Pay,Pending,
8SOITGL1AS,2021349671,CT05004768,02/24/2024,183.87,149.94,76.19,J44.9,99396,Medicare,Denied,Out-of-Network
GTX3K8OFF1,1739201857,LH10515756,02/20/2023,383.21,347.61,94.16,E03.9,99397,Medicaid,Denied,Service Not Covered
CAL5564OI8,4957261083,AC80625068,06/20/2021,439.91,413.96,268.0,F32.9,99214,Medicaid,Paid,
5X2GI5Z9W4,4957261083,OF28116207,02/23/2020,84.38,51.19,47.22,F32.9,90658,Medicaid,Paid,
EXEM86GGMM,2021349671,VZ30532668,12/16/2020,194.46,111.23,43.72,E03.9,97110,Medicaid,Paid,
K2J3T85NXL,4957261083,HY75371279,08/16/2023,91.1,63.55,17.56,E11.9,99386,Medicare,Paid,
LLRG0XSM5F,4957261083,IT83816561,10/08/2022,21.64,20.82,15.08,Z23,99213,Medicaid,Paid,
IZHA9POFBU,2021349671,WN10576402,01/30/2021,271.46,233.73,230.57,M54.5,99396,Medicaid,Paid,
DHIPO1KH6D,2021349671,WQ71151214,12/09/2022,365.24,255.62,24.26,J44.9,90658,Commercial,Denied,Duplicate Claim
BDF4FABT2V,5863514709,KR01409274,09/16/2023,193.81,114.91,95.69,E11.9,99213,Medicaid,Paid,
ZBVUM4SY3S,2021349671,RI86090947,07/24/2022,329.76,318.88,115.49,I48.91,99214,Medicaid,Paid,
634Q7J048B,4957261083,HW57534176,01/15/2024,212.6,136.3,61.63,E78.5,99214,Commercial,Paid,
L2XM70M9TH,5863514709,BU03135117,06/29/2024,177.38,154.69,110.87,I48.91,99397,Medicare,Pending,
H2FBFFQG5Z,1739201857,OA30647615,02/08/2022,256.88,192.44,105.84,Z00.00,99397,Medicare,Paid,
VCOSSE1F21,2021349671,LO93654566,01/31/2021,211.06,164.53,64.55,F41.9,99213,Medicare,Paid,
02CQDB551J,3904283765,VE03316298,02/11/2022,449.53,377.77,31.48,R10.9,99396,Medicaid,Paid,
ATGTVV8A1L,2021349671,PV35207883,03/24/2020,288.67,265.34,83.43,Z23,99396,Medicare,Denied,Missing Documentation
HKN28W7749,5863514709,RN63317203,11/06/2020,232.76,125.38,53.64,K21.9,90658,Medicare,Paid,
CO6J0WBQDK,1739201857,EY58249348,03/20/2024,405.01,294.51,152.25,J44.9,99396,Self-Pay,Denied,Out-of-Network
Q39QV7J4FF,1739201857,QP22322881,03/22/2023,80.85,51.43,24.04,Z23,99213,Medicaid,Paid,
B22RY6L38A,4957261083,CZ52416186,05/15/2021,118.98,92.49,42.95,E11.9,99214,Commercial,Paid,
7IR608IWVN,1739201857,QR72413208,12/03/2021,205.69,199.85,69.28,M79.609,99213,Commercial,Pending,
DCLR7TJJVA,1739201857,CG97185444,09/18/2021,344.04,293.02,18.2,J20.9,99213,Medicaid,Paid,
MLI48RRGVU,5863514709,GO23930135,09/15/2023,463.58,248.79,189.18,R53.0,90658,Medicaid,Denied,Duplicate Claim
NDPRX0QQ6I,1739201857,LZ08748802,02/21/2023,80.63,57.32,45.03,E11.9,93000,Commercial,Pending,
6KCMK0OX47,2021349671,ER53924608,03/26/2023,121.61,66.81,41.08,E78.5,99203,Commercial,Paid,
9L6X5A9Z8J,4957261083,CB80069752,01/08/2021,77.18,49.59,41.86,M79.609,97110,Medicare,Pending,
YXC97O1OOM,2021349671,OR62700620,09/12/2021,359.64,264.82,183.98,R53.0,93000,Medicaid,Paid,
XZYDUORA3J,4957261083,KP36454962,10/19/2022,126.57,88.29,76.33,J18.9,99396,Commercial,Paid,
5533AI6NWV,4957261083,DI99943751,05/01/2020,89.31,50.66,13.47,N39.0,99213,Medicaid,Paid,
M5JPLVUGL2,5863514709,ID28547735,06/19/2020,388.61,348.31,329.43,N39.0,99214,Medicare,Paid,
RPFAKHCU5D,4957261083,VB36866704,02/08/2022,322.56,304.28,197.13,J18.9,99214,Medicare,Denied,Service Not Covered
AIOIT7KMVN,1739201857,OT10307867,08/13/2022,365.6,184.8,108.28,J20.9,99386,Medicare,Denied,Pre-Existing Condition
OOP3SJ2CU0,2021349671,OD56504316,04/16/2020,249.72,210.86,158.49,I48.91,99397,Medicare,Paid,
N7O5AKGL8C,2021349671,GU22004552,01/02/2020,234.94,167.47,11.75,M54.5,99203,Medicaid,Pending,
CNVHIJZ2CP,5863514709,QX55647804,08/09/2020,440.62,227.31,134.03,Z23,99397,Medicaid,Denied,Pre-Existing Condition
G4IMPJGM5M,1739201857,JR41869270,08/11/2021,249.14,130.57,97.46,F32.9,99386,Commercial,Denied,Pre-Existing Condition
4D26E187LY,4957261083,WR37733873,02/21/2021,56.7,52.35,41.84,E78.5,99386,Medicare,Paid,
8O51N0ODIL,1739201857,BZ68977207,10/09/2021,373.98,219.99,19.7,R07.9,99386,Medicare,Denied,Duplicate Claim
0BHLPPIK8B,3904283765,ZJ79665423,03/25/2022,22.51,18.26,4.13,F41.9,99386,Commercial,Pending,
J9MJY4PDQO,5863514709,KR60647470,11/12/2024,455.78,303.89,134.79,K21.9,99213,Commercial,Pending,
6RAR6JL7VG,5863514709,CS90276285,07/01/2021,48.63,25.32,14.43,R07.9,93000,Commercial,Pending,
S1OR04JPTD,2021349671,HU43596543,11/03/2022,459.46,382.73,27.97,M79.609,90658,Commercial,Paid,
89JSRYMOXU,2021349671,PA12618145,06/06/2021,174.69,160.35,70.73,I50.9,99203,Self-Pay,Paid,
IC4H2SYEGV,3904283765,DY41178385,04/26/2024,329.59,226.8,115.48,E03.9,99397,Medicaid,Denied,Missing Documentation
44H7MU4FMJ,5863514709,WA34807987,06/24/2021,425.13,313.57,192.26,M54.5,90658,Commercial,Paid,
8H6CHZ8M8C,4957261083,UO78373802,05/28/2020,408.58,339.29,57.43,J44.9,99396,Medicaid,Denied,Out-of-Network
LSGOC2RQUP,3904283765,PR60432142,03/17/2022,309.16,259.58,124.46,I50.9,99397,Medicare,Paid,
TMPIC9FBYP,2021349671,TF11471297,06/28/2021,239.73,237.87,137.99,N39.0,99213,Commercial,Denied,Pre-Existing Condition
UTU0MVXS05,3904283765,OA29900306,05/22/2021,471.3,318.65,154.57,R53.0,99203,Medicaid,Denied,Missing Documentation
D2GGSENTAG,2021349671,RW58967764,03/14/2020,442.6,314.3,195.13,F32.9,36415,Medicare,Paid,
8JPFAOXM5B,4957261083,DF62319874,03/21/2022,438.76,310.38,255.94,Z00.00,99396,Medicaid,Pending,
7AZVEAJRQV,5863514709,KR44492775,04/21/2023,83.68,80.84,69.18,J20.9,99396,Medicare,Denied,Service Not Covered
G9O3NL8O8J,3904283765,UE89321382,02/03/2021,482.11,248.06,203.11,I10,99214,Commercial,Denied,Pre-Existing Condition
OWL2OH47WT,5863514709,VX39181150,07/02/2023,368.83,287.42,88.44,E78.5,97110,Self-Pay,Denied,Pre-Existing Condition
TMYARQ0KJC,2021349671,ZB37442364,04/27/2022,98.84,93.42,45.94,R07.9,99396,Medicare,Paid,
WZN942XA8I,5863514709,BH80039364,02/09/2020,454.21,446.11,229.71,K21.9,99203,Self-Pay,Pending,
EP8GKHAEL9,2021349671,XQ93793956,11/19/2022,145.97,91.99,24.3,J44.9,99214,Medicare,Pending,
YEMXRBDDCW,2021349671,RV60005162,01/13/2022,445.39,440.7,74.27,F32.9,99213,Commercial,Paid,
QA8ZPIZO5A,1739201857,QN85756154,05/18/2024,331.73,216.87,179.59,J44.9,99214,Medicaid,Pending,
JUY0CXBPIW,5863514709,OO75477261,02/13/2022,208.45,167.23,117.42,E78.5,99396,Medicaid,Paid,
48EBWE8Y5P,1739201857,VV34171612,12/31/2023,15.11,8.56,0.76,Z23,99214,Self-Pay,Paid,
NZ0T3M15JM,5863514709,HS16827479,06/14/2021,12.64,11.32,5.63,E78.5,97110,Commercial,Paid,
N005GUD4M6,3904283765,EZ86398315,08/02/2024,211.46,114.73,30.57,M79.609,99386,Self-Pay,Denied,Service Not Covered
PRL0CPNROQ,3904283765,ZU49894064,09/30/2020,445.6,364.8,179.28,R07.9,99214,Commercial,Pending,
1KF9DSTDMX,4957261083,DH98602394,12/06/2021,125.82,71.91,17.29,E78.5,93000,Medicare,Paid,
RNRWGI6DKY,1739201857,HY89043117,01/31/2023,226.46,168.23,126.32,R10.9,99396,Commercial,Denied,Missing Documentation
UN5WK517T9,3904283765,PJ19329003,02/10/2020,430.44,301.22,268.52,E03.9,99213,Self-Pay,Pending,
MI5CR3BZ9Q,2021349671,YA88843508,12/22/2024,114.23,74.12,71.71,R53.0,36415,Medicaid,Paid,
E1GL4840I9,1739201857,NI39560395,04/19/2023,337.29,284.65,208.86,F32.9,99214,Self-Pay,Paid,
YJIHNIEHK6,2021349671,RF93633012,08/22/2024,42.49,27.25,10.12,I10,99214,Medicaid,Paid,
8QHFJ47FPW,2021349671,DZ20122718,01/18/2023,97.55,96.78,71.88,M54.5,36415,Medicare,Paid,
MW0OZ3YBE2,5863514709,KW46622294,03/01/2021,287.94,173.97,84.4,I50.9,99213,Medicaid,Denied,Service Not Covered
LVXBVPS6T2,5863514709,LN34591995,10/31/2020,28.65,28.33,22.43,I10,99214,Commercial,Paid,
0P331U03X9,3904283765,SX36711969,07/16/2020,252.17,232.09,45.61,Z23,99386,Medicaid,Denied,Missing Documentation
S12920JBMP,1739201857,TT13286442,01/10/2020,178.47,104.24,60.92,E11.9,90658,Medicare,Denied,Pre-Existing Condition
E96F9NCE6F,3904283765,HV30788203,08/02/2023,489.06,388.53,385.45,M54.5,99213,Commercial,Denied,Pre-Existing Condition
FV44B6HNN6,4957261083,CN06358040,08/22/2022,473.04,250.52,45.65,I50.9,99396,Medicare,Denied,Service Not Covered
RSZHN9GSJ0,4957261083,YJ37207138,04/25/2024,276.3,201.15,51.82,I48.91,99397,Medicare,Denied,Out-of-Network
HQFL3AZ77F,2021349671,JL45647011,10/22/2023,67.43,45.72,35.37,N39.0,99214,Medicare,Pending,
F2PAWCDDUZ,3904283765,NG25099129,09/09/2023,304.89,263.45,95.24,I48.91,36415,Medicare,Pending,
4T19CXZ3J9,4957261083,PI31796337,04/22/2023,224.73,207.37,156.24,M79.609,99386,Commercial,Paid,
2NZXVXJA4E,5863514709,CE77451167,11/24/2023,15.18,14.59,10.76,N39.0,90658,Commercial,Denied,Out-of-Network
QWNXBQD3AI,5863514709,FF14929764,08/12/2024,401.07,377.54,167.05,E78.5,99214,Medicaid,Pending,
YUNFHINEWF,3904283765,WZ10045553,07/12/2021,476.18,375.09,254.81,R10.9,99213,Medicare,Paid,
OFO30RQAEA,4957261083,GG91896826,06/09/2024,249.3,138.65,42.47,R07.9,99213,Commercial,Paid,
TKT4N1LQTN,4957261083,RA90754146,01/08/2024,114.36,84.18,54.72,Z00.00,99213,Medicaid,Paid,
W6XZ6EBXP6,2021349671,NY48678498,09/05/2020,344.96,256.48,201.25,F32.9,99214,Self-Pay,Paid,
JXVST4OFH2,2021349671,TC92342465,04/12/2021,112.93,68.47,51.65,I10,99214,Medicaid,Pending,
V77527F44R,2021349671,KB32397199,07/06/2020,29.68,26.84,1.48,E03.9,99213,Self-Pay,Paid,
UCNLYUIH8M,1739201857,IR76645880,12/06/2020,64.25,48.13,5.21,M79.609,99213,Self-Pay,Paid,
JV70K16WG4,1739201857,VO32227565,04/21/2024,228.08,202.04,77.4,R10.9,99396,Medicare,Paid,
HRDYO562FT,1739201857,QD57950264,04/18/2021,445.95,267.98,261.3,F41.9,90658,Self-Pay,Paid,
S2UUZJR9HS,1739201857,ZO48162832,10/20/2021,443.86,377.93,49.19,E03.9,99396,Medicare,Paid,
LB2BWBR4OI,5863514709,FH85336713,01/13/2020,290.43,172.22,133.52,E78.5,97110,Self-Pay,Paid,
Q06SM39DNI,1739201857,EP73012579,01/03/2022,386.5,244.25,122.33,J44.9,99214,Commercial,Pending,
A4A4UQIT00,1739201857,RJ34966222,12/02/2020,341.58,216.79,94.08,E11.9,90658,Medicare,Paid,
IFWLR9WSM0,2021349671,SN74212886,10/25/2023,72.51,45.26,30.63,K21.9,99213,Medicare,Paid,
70E0OMFKY8,3904283765,GS58063446,01/26/2020,48.04,31.02,25.4,E11.9,99213,Medicaid,Denied,Out-of-Network
RAVYAEHET8,5863514709,BX26646433,10/11/2021,116.5,68.25,24.83,I10,90658,Self-Pay,Pending,
ZFF4EOZP0W,1739201857,BD28287761,02/18/2023,52.65,28.33,27.63,N39.0,99396,Medicare,Paid,
N9MNPPVOMT,3904283765,RB06852894,11/16/2024,93.28,75.64,7.66,F32.9,99397,Commercial,Denied,Duplicate Claim
A902G2EPDK,5863514709,BY45439323,07/17/2022,20.16,10.08,2.01,Z00.00,99396,Commercial,Paid,
ZM8DO2GR9J,4957261083,HD08186379,01/15/2023,73.65,50.83,11.68,I50.9,99214,Medicare,Paid,
4U4E2LCCKA,2021349671,ET37046836,12/17/2020,385.45,333.73,153.27,K21.9,99396,Medicare,Pending,
XAR9BDVJI7,5863514709,WX13655643,04/13/2021,409.94,348.97,234.5,J44.9,99396,Self-Pay,Paid,
Q08JE47EO3,3904283765,LK47386848,03/13/2024,111.89,58.95,49.59,I48.91,99203,Commercial,Pending,
RLLUE569GT,3904283765,VW42802238,09/24/2020,23.41,21.71,12.17,F41.9,99213,Medicare,Pending,
K6KY33JLWB,1739201857,HD57485431,11/10/2022,111.28,86.64,76.56,M79.609,99203,Medicaid,Paid,
GNB5H4RMXP,5863514709,QD21097262,07/14/2022,120.61,67.31,65.03,J20.9,99213,Commercial,Paid,
2IFY0ZSMPX,4957261083,LL32232998,09/22/2023,443.69,426.85,235.18,E11.9,99213,Medicare,Paid,
Y0FPNYWR0F,4957261083,GR77136944,02/19/2022,285.25,252.63,248.26,E78.5,36415,Medicaid,Paid,
DSUR04PPC3,3904283765,WL70364839,11/29/2020,203.56,142.78,117.18,R10.9,99203,Medicaid,Pending,
BU05ZAI4XL,2021349671,UX99715273,01/26/2021,182.06,169.03,159.1,R10.9,97110,Medicare,Paid,
0W2HAC6YLA,4957261083,NU84014783,08/22/2020,86.75,65.38,60.34,J44.9,99397,Medicare,Paid,
547XI9DMLG,3904283765,QN01175422,06/18/2022,120.48,74.24,10.02,E11.9,99386,Medicaid,Denied,Service Not Covered
SG5GKEF72Q,2021349671,QZ14375263,02/08/2023,85.32,50.66,21.27,N39.0,90658,Medicare,Denied,Pre-Existing Condition
BN0MYSESSU,3904283765,XS79937780,08/03/2021,463.32,389.66,349.17,R07.9,93000,Medicare,Paid,
CVG540Y9NB,2021349671,NG85611216,09/05/2024,244.79,125.4,37.24,J44.9,99386,Medicaid,Paid,
7JXBZ6R2T4,3904283765,RZ31667294,02/16/2024,382.05,237.03,150.1,I10,90658,Commercial,Paid,
FJSEU3SQXR,4957261083,MP30376227,12/07/2020,113.24,76.62,44.66,F41.9,97110,Medicaid,Paid,
E31TQXFI40,5863514709,FH18399794,03/11/2022,369.5,251.75,86.48,I48.91,99386,Medicare,Paid,
YKM5YGBYLA,4957261083,FH09437677,07/07/2020,453.14,249.57,51.66,E78.5,99214,Commercial,Pending,
W5OMAF0NJL,4957261083,QG31605601,09/16/2020,373.07,199.54,177.65,I48.91,36415,Medicaid,Paid,
R1VEWU8C7J,4957261083,KK49810202,01/08/2023,177.1,109.55,73.86,F41.9,99397,Self-Pay,Paid,
AV8VNVZEPG,1739201857,VN07402903,10/31/2020,275.39,183.7,113.77,I48.91,99397,Medicare,Pending,
VZGMFFKRA3,3904283765,LG44208229,12/22/2022,438.7,366.35,337.94,R10.9,99396,Commercial,Paid,
8YRPZINKZZ,4957261083,WG19776106,03/03/2022,338.03,306.02,80.9,I48.91,99213,Medicare,Denied,Service Not Covered
0L7W0J6Z1E,3904283765,HG60311012,01/11/2022,371.15,198.58,119.56,N39.0,99213,Medicaid,Paid,
WYMEVCQIEL,1739201857,HA81987117,01/03/2020,364.55,358.28,262.23,I10,99397,Commercial,Paid,
JPA1XB211W,5863514709,LQ80670881,04/16/2022,40.87,24.44,22.04,I48.91,97110,Medicaid,Paid,
ZOEDNWHC7T,4957261083,TJ19661771,03/30/2020,287.46,246.73,205.37,J18.9,90658,Self-Pay,Paid,
EUWLHZQZ74,2021349671,DY75714545,09/02/2023,396.69,377.35,27.83,F41.9,99213,Medicaid,Denied,Out-of-Network
KJWCIGOKO4,4957261083,DZ43848298,04/22/2023,27.39,20.7,8.37,F41.9,99397,Medicaid,Paid,
3U92IWDNYV,1739201857,DG36158148,08/04/2023,32.59,19.3,18.63,E03.9,99386,Self-Pay,Paid,
HDFQP9GD8H,1739201857,VW94343076,12/02/2023,250.99,166.5,43.55,J18.9,99214,Self-Pay,Denied,Out-of-Network
B7THKBRSQZ,2021349671,JY88460218,02/16/2020,287.85,201.93,21.39,I50.9,99397,Medicaid,Pending,
AF9IRGB7OT,1739201857,KM75321612,03/08/2023,225.19,164.6,98.26,I10,99213,Commercial,Denied,Pre-Existing Condition
FMJL81H261,3904283765,SQ76671425,05/01/2024,97.43,82.72,36.87,E11.9,99397,Medicare,Pending,
6YF8DVRFY5,5863514709,TQ52650363,08/09/2024,385.25,214.63,171.26,J18.9,36415,Commercial,Paid,
362V612TVQ,5863514709,DQ75319595,07/08/2023,218.76,200.38,50.94,R53.0,99214,Self-Pay,Pending,
5RJ7YPS11Z,5863514709,TC37636326,04/13/2023,184.49,101.25,97.22,F32.9,90658,Commercial,Pending,
MVD1S1VKZ9,2021349671,MR12531641,08/10/2024,124.46,68.23,21.22,E78.5,90658,Self-Pay,Pending,
FATQYWTQO7,4957261083,TY60067336,07/27/2020,27.9,15.95,15.4,I50.9,99213,Commercial,Denied,Pre-Existing Condition
2U9K1502GN,1739201857,UO15010014,04/22/2023,440.61,422.31,212.03,F41.9,99213,Commercial,Pending,
263DZKSCTA,4957261083,XO81482709,11/03/2023,325.43,205.72,92.27,E03.9,99396,Commercial,Denied,Duplicate Claim
YC6EU1C069,3904283765,LS08230000,06/14/2023,498.95,282.48,90.95,Z00.00,99214,Medicare,Denied,Pre-Existing Condition
US3O9MPGXS,4957261083,DL93997547,01/30/2022,143.76,74.88,46.19,I10,99397,Medicare,Paid,
EOQD13SMEC,1739201857,BO89498165,07/26/2024,105.9,68.95,8.3,N39.0,93000,Commercial,Paid,
AENU6X1PLR,3904283765,NL34168318,09/21/2021,79.18,65.59,17.96,M54.5,93000,Commercial,Paid,
IUSJS7OVUQ,2021349671,AE59773273,11/26/2024,391.68,289.84,153.58,J44.9,99397,Commercial,Paid,
0BNWXO79D6,5863514709,SQ80384705,08/28/2022,197.06,98.53,85.85,J20.9,99213,Commercial,Paid,
SH5MZUG84K,3904283765,FQ92928897,05/30/2023,420.3,230.15,155.02,F32.9,97110,Commercial,Denied,Out-of-Network
PL3XBP1AGZ,1739201857,YL57091487,04/26/2020,381.87,285.94,243.09,E03.9,99214,Medicaid,Pending,
WH9AZ4VHOZ,1739201857,WP16622524,12/04/2023,112.3,98.15,17.62,R53.0,93000,Commercial,Denied,Service Not Covered
87X0Z5BIVY,3904283765,MW59700259,12/10/2024,89.16,58.58,38.46,E03.9,99397,Medicaid,Paid,
Z7K57CBN8O,1739201857,RV91491248,10/16/2023,135.25,127.63,70.76,E03.9,99214,Commercial,Paid,
BPSRD9NL5C,2021349671,CB28584410,11/18/2022,66.03,61.02,56.3,Z00.00,99396,Medicaid,Paid,
JOQ2CDNOAO,3904283765,XG74914149,11/20/2024,254.0,158.0,130.7,R10.9,99396,Self-Pay,Denied,Missing Documentation
14YQHYA90H,2021349671,PZ61727157,06/23/2021,56.93,48.47,36.85,F41.9,99203,Commercial,Denied,Duplicate Claim
TMNZSCLTAD,3904283765,TR08296998,04/29/2023,319.41,250.71,140.97,N39.0,99397,Medicaid,Pending,
YVYSLT3YJ0,5863514709,CW85096927,09/02/2024,362.93,198.47,182.15,E03.9,99396,Commercial,Paid,
76F036O2S6,2021349671,XS22845940,08/24/2024,342.26,294.13,172.11,Z23,99213,Medicare,Pending,
LIJYKJ7UGE,1739201857,HZ49846858,06/30/2021,218.19,109.1,64.91,E11.9,36415,Self-Pay,Paid,
LJNAVUVBQ8,2021349671,SD65164981,01/05/2024,103.81,89.91,86.19,R07.9,99397,Self-Pay,Paid,
6B3ANBZEFR,5863514709,CA82789274,07/28/2024,462.75,316.38,224.14,E11.9,99214,Medicaid,Denied,Missing Documentation
P3Y57TBZHU,3904283765,KY09467743,03/04/2020,436.37,236.19,188.82,J18.9,99396,Medicaid,Paid,
RRNR5G5UTT,4957261083,VB35527143,03/24/2021,422.1,277.05,126.11,I50.9,99396,Self-Pay,Denied,Missing Documentation
SXSK84HBLL,3904283765,HU60114455,10/29/2022,243.18,170.59,39.16,J18.9,99396,Commercial,Paid,
DN0K3SQ76K,1739201857,DH06625569,11/16/2024,268.59,249.3,204.43,E11.9,93000,Self-Pay,Pending,
9Z8Y25N3KS,1739201857,ZD26939482,05/21/2020,183.7,137.85,105.19,R07.9,99213,Commercial,Paid,
97VVLDQ34J,1739201857,AH44327772,12/29/2023,87.58,77.79,55.38,I48.91,99213,Commercial,Paid,
00V6XB0XG0,3904283765,UO81070501,06/19/2024,30.72,29.36,23.54,M54.5,99397,Commercial,Pending,
JFNISOX9PW,5863514709,TW03305511,05/29/2022,224.4,215.2,164.22,J44.9,99213,Medicare,Paid,
YUFHTWTOGG,3904283765,RW05926449,08/20/2022,368.33,289.17,99.42,J20.9,99397,Medicare,Pending,
VCBT2BZEQC,5863514709,WE54078898,03/26/2022,278.84,182.42,38.94,I50.9,99386,Medicaid,Pending,
RFAHKT3N4R,5863514709,UK33636015,04/11/2022,55.67,31.84,3.78,E03.9,99214,Commercial,Denied,Service Not Covered
CMY35FGIAL,2021349671,GM16419494,10/17/2023,250.86,225.43,86.54,F41.9,99397,Commercial,Pending,
CW7MQUMWIW,1739201857,MQ71153854,03/19/2020,374.72,297.36,282.74,R53.0,99213,Commercial,Paid,
UEQYFJGGDF,5863514709,NK93537646,07/13/2023,488.37,413.19,24.42,E78.5,99396,Medicare,Paid,
HLD91OMYII,4957261083,FN96527911,12/25/2022,461.48,427.74,415.07,R53.0,90658,Medicaid,Denied,Duplicate Claim
B463ZOQU0T,5863514709,MP66598412,10/15/2022,254.28,219.14,120.71,J18.9,99214,Medicare,Paid,
ASEIE10G8Z,4957261083,CA89725584,03/12/2023,293.99,203.0,138.7,R07.9,93000,Medicaid,Paid,
IL110O6CD1,1739201857,PX77219655,07/29/2022,234.37,199.19,74.72,Z00.00,99396,Self-Pay,Paid,
I7SH8RJAJ4,2021349671,VN69824930,03/01/2022,130.28,128.14,121.51,E78.5,97110,Medicare,Denied,Missing Documentation
5177QK63AM,5863514709,NV57042989,06/30/2021,431.88,293.94,47.59,J20.9,93000,Medicaid,Denied,Out-of-Network
N2UQPOM7QO,3904283765,EB06001726,12/04/2020,291.74,251.87,243.59,M79.609,97110,Commercial,Pending,
BHSUW81362,3904283765,RM42201096,01/14/2021,179.36,137.68,50.97,E78.5,93000,Medicare,Pending,
VTSIYDFS2P,4957261083,WT87042174,06/22/2023,269.61,211.81,177.48,R07.9,99213,Medicare,Denied,Missing Documentation
7PL2WO7KM8,1739201857,RM67729349,08/06/2022,136.59,85.3,23.83,R10.9,99213,Medicare,Denied,Out-of-Network
CV6HKPGZ94,2021349671,JM40787464,02/26/2021,107.87,102.94,40.39,I10,99213,Medicare,Paid,
WPH1FE22SX,5863514709,XA11269279,10/10/2022,202.46,131.23,41.12,Z00.00,99213,Medicare,Denied,Out-of-Network
P0PSOX6V4V,4957261083,GM27710757,05/03/2024,454.17,246.09,197.71,M79.609,99396,Commercial,Denied,Out-of-Network
D2LKJALEP7,5863514709,RS53984356,06/18/2022,120.74,116.37,69.04,R53.0,99386,Self-Pay,Denied,Pre-Existing Condition
0A9KMIIEY0,5863514709,YS15289081,03/08/2023,157.02,88.51,83.85,I10,99213,Medicaid,Pending,
V8KARME86B,5863514709,PP29714472,08/04/2020,332.44,238.22,217.62,K21.9,99397,Medicare,Denied,Duplicate Claim
DQKW82JSBN,3904283765,YD05234662,02/25/2024,103.32,75.66,38.17,E78.5,99213,Medicare,Paid,
GNLKG0759N,5863514709,ED24151194,12/30/2024,459.39,336.7,80.97,Z00.00,99213,Medicaid,Denied,Pre-Existing Condition
1C45HOXBO0,1739201857,TW08947459,12/24/2022,283.32,278.66,36.17,R53.0,99213,Commercial,Pending,
JF92GRRM2H,4957261083,MT36253108,05/18/2021,180.91,142.46,123.05,Z23,99213,Medicaid,Paid,
FTQ6JJYH6B,4957261083,MM46891822,11/10/2024,418.5,403.25,362.93,E78.5,99386,Self-Pay,Paid,
QG8S86IWJ7,1739201857,WB39947870,01/20/2021,17.55,8.78,4.88,R53.0,99397,Self-Pay,Denied,Duplicate Claim
73UWM679Z5,3904283765,UP98728664,01/15/2022,225.3,206.65,196.27,J20.9,99214,Commercial,Paid,
RPVSKTK449,3904283765,BQ49668765,05/30/2023,433.65,390.83,291.68,N39.0,99214,Commercial,Paid,
50VI5UO83B,3904283765,RE93780970,11/09/2022,254.41,151.21,91.72,I48.91,99213,Commercial,Pending,
CLYPY833NJ,1739201857,TH12718379,08/12/2023,354.98,262.49,74.75,K21.9,99386,Commercial,Pending,
TRXLAXY7JG,1739201857,RD64304070,05/01/2022,338.84,259.42,52.94,R10.9,99386,Medicaid,Denied,Missing Documentation
3278DSSLTB,3904283765,IF26538753,05/29/2021,22.27,21.14,6.11,F41.9,90658,Medicaid,Denied,Pre-Existing Condition
Y1RIU2HSVN,5863514709,VU15897228,09/09/2020,361.85,322.93,27.09,E78.5,99396,Self-Pay,Paid,
TJVHQ06MCG,5863514709,XB35527736,07/04/2023,353.74,236.87,35.69,R53.0,99214,Self-Pay,Paid,
6EC3A9K8OH,4957261083,KF61870453,02/21/2024,409.9,272.95,216.5,N39.0,97110,Medicaid,Denied,Pre-Existing Condition
ANSRW0FY11,1739201857,UE22212491,10/25/2020,397.66,328.83,320.88,J18.9,90658,Medicare,Paid,
9EZW8O8G9F,1739201857,DW68476546,01/12/2020,79.84,76.92,35.99,R53.0,36415,Medicaid,Paid,
4BFTG6PUP3,4957261083,UW84513084,07/24/2022,178.25,149.13,111.91,E03.9,90658,Medicaid,Pending,
CLB2C5CATD,2021349671,TZ02972761,12/16/2024,230.59,153.3,133.53,I10,99396,Medicaid,Pending,
MZZ4UN3N70,5863514709,AF21911630,12/20/2020,255.82,156.91,134.79,J44.9,99203,Medicaid,Denied,Missing Documentation
1UWF1XBC7M,4957261083,HI03176624,10/18/2021,405.37,242.69,206.27,I48.91,99396,Medicare,Paid,
KTASS7KQYE,5863514709,IS33958591,05/31/2020,401.55,321.78,58.08,J20.9,99213,Medicaid,Paid,
VD76UPUAZJ,4957261083,RY92892225,12/28/2020,97.18,55.59,9.86,N39.0,99397,Medicaid,Paid,
7YVNN0TIHP,4957261083,BA66782944,02/22/2020,337.38,294.69,91.87,J20.9,99213,Medicare,Paid,
GDVO1MIAZI,1739201857,IW10825615,04/10/2020,350.31,296.16,34.52,J44.9,93000,Medicare,Paid,
JVDR5MU2P1,4957261083,IY97345393,09/30/2021,321.13,205.57,196.06,R10.9,36415,Medicaid,Paid,
Q5ZAMRRR3I,3904283765,ZN47898591,07/10/2022,278.17,253.09,252.91,N39.0,90658,Medicaid,Pending,
V3DLD4WS68,2021349671,GO69263751,09/06/2022,63.55,61.78,27.18,E03.9,99214,Medicare,Pending,
5HQ80AVRSU,2021349671,SE22757121,05/15/2021,255.53,129.77,32.78,I10,99213,Medicare,Pending,
61DEYJ1CHR,2021349671,YN35865637,11/16/2022,217.31,170.66,91.87,R53.0,97110,Commercial,Pending,
4PLMN0UJ4L,3904283765,WR40357287,12/17/2024,286.87,248.44,148.34,M79.609,97110,Commercial,Paid,
M8VWVSUSRV,4957261083,ZH53505923,02/29/2024,13.7,11.85,1.69,R07.9,99214,Commercial,Paid,
1DRGCJGCI6,3904283765,DZ19581098,12/23/2020,136.52,105.26,89.83,E03.9,99214,Self-Pay,Denied,Duplicate Claim
X2G4GACZ9J,4957261083,PK68302213,06/08/2021,67.2,41.6,9.36,F41.9,36415,Commercial,Pending,
M26H29JL01,3904283765,XL51670958,05/09/2020,97.07,72.54,4.85,J20.9,99386,Medicare,Paid,
HXF6LXBTN2,2021349671,WX49664284,07/16/2020,398.81,277.41,169.94,J20.9,93000,Medicare,Pending,
P4Z5D2K0DL,4957261083,BL57047879,02/25/2024,115.55,83.78,28.78,M79.609,99213,Medicare,Paid,
82BZFH33CS,1739201857,AM31933802,08/25/2020,27.71,25.86,15.39,R07.9,99213,Self-Pay,Denied,Missing Documentation
SDC6Q1T734,5863514709,WB18340782,02/09/2020,321.1,199.55,195.06,E11.9,36415,Commercial,Paid,
BAQIJN9BVK,1739201857,NE28644339,11/14/2020,250.94,175.47,152.55,I10,99386,Commercial,Denied,Service Not Covered
L40KS80UF4,2021349671,NV71474367,09/05/2020,225.12,149.56,50.26,M54.5,99396,Medicaid,Denied,Duplicate Claim
B2I6YJNDBJ,3904283765,PC50791355,03/18/2024,190.11,130.06,34.51,R53.0,99386,Medicaid,Paid,
F5H7F9GK86,1739201857,CI44220812,02/10/2020,40.92,32.46,2.05,M79.609,36415,Self-Pay,Paid,
IDRE6GXSM9,2021349671,US74098260,04/13/2023,294.38,251.19,242.72,Z23,99386,Medicare,Denied,Pre-Existing Condition
0G1YX5Z25L,1739201857,VZ10442755,03/31/2021,418.22,399.11,67.91,R53.0,99397,Self-Pay,Paid,
IJMP0RZX2T,4957261083,IU01511485,12/07/2024,268.34,154.17,135.42,R07.9,99214,Commercial,Denied,Out-of-Network
RC0LS58UZC,4957261083,OO53232406,04/05/2022,20.29,14.15,14.01,F32.9,99396,Commercial,Denied,Pre-Existing Condition
H6N1KW265O,2021349671,QE74751365,02/06/2021,320.61,171.31,163.03,Z23,99386,Medicaid,Pending,
9EECUOLN1V,2021349671,MA04736357,09/12/2020,270.16,245.08,178.51,M54.5,93000,Self-Pay,Paid,
W8IYXHWXWR,5863514709,QK42693047,02/20/2024,285.57,252.79,96.28,N39.0,99213,Commercial,Paid,
082FENNQE9,1739201857,GJ20919870,07/07/2024,254.02,165.01,82.7,Z23,99397,Commercial,Denied,Missing Documentation
F70U500Q4I,2021349671,RH95713950,07/01/2020,426.55,357.28,253.33,J18.9,36415,Commercial,Paid,
556M5WAIAF,5863514709,IP34033268,02/06/2023,21.43,17.72,16.07,M79.609,99213,Medicaid,Paid,
IJ8H757FPA,2021349671,YV93615049,10/05/2022,498.23,373.12,96.91,J20.9,99213,Medicare,Paid,
K0WV74TFJ9,4957261083,IE65874561,09/21/2024,63.44,58.72,27.17,J18.9,93000,Commercial,Pending,
N0T6XZGE6D,4957261083,XO29946581,04/09/2022,132.43,117.22,98.62,J20.9,99203,Commercial,Denied,Out-of-Network
U1HBL48TKS,2021349671,JF05714607,03/20/2023,228.75,149.38,95.44,R07.9,97110,Medicaid,Paid,
41TC4WPJJE,3904283765,MA01622046,10/08/2023,171.93,122.97,110.6,I48.91,99397,Commercial,Denied,Pre-Existing Condition
PNSFCLILX1,5863514709,DH21760622,12/27/2022,10.92,6.46,3.55,M79.609,99396,Self-Pay,Paid,
G4P5OLXS6T,3904283765,IY56785232,12/04/2020,227.0,165.5,153.35,J44.9,99213,Medicare,Denied,Duplicate Claim
5JMIDQ2Z9P,3904283765,GB04063063,05/23/2023,425.35,258.68,223.27,F32.9,97110,Medicaid,Pending,
WDNKBT7GHX,1739201857,OU21763203,02/11/2022,492.35,323.18,249.62,E03.9,99214,Commercial,Denied,Pre-Existing Condition
ISANMEV7SP,3904283765,NT76640470,07/03/2024,399.86,286.93,243.99,Z00.00,99386,Self-Pay,Paid,
PB9I46ASGX,5863514709,KA37028503,02/06/2020,176.46,163.23,91.82,M79.609,99214,Medicaid,Paid,
HZIG9MX5EG,4957261083,AI97553227,09/27/2021,191.24,150.62,42.56,F32.9,90658,Medicare,Denied,Missing Documentation
M10CHMP16J,5863514709,NW00195797,08/10/2024,432.02,286.01,83.6,J20.9,99397,Commercial,Denied,Service Not Covered
TKSDTZAVUS,1739201857,HJ57465958,10/02/2023,350.45,308.23,69.52,J20.9,99396,Medicaid,Paid,
S5H3MRC2T6,3904283765,OZ13127135,07/07/2020,457.89,292.95,162.89,I10,99386,Commercial,Paid,
48V4493ZS3,1739201857,HO01768367,12/19/2020,469.54,366.77,91.48,R53.0,36415,Medicare,Denied,Missing Documentation
XXGW32EFPT,2021349671,LE91789421,01/11/2022,364.7,250.35,189.24,I10,99214,Commercial,Paid,
W5P2SLLH0T,5863514709,DJ86750357,05/15/2022,212.15,146.08,105.61,F41.9,99203,Commercial,Denied,Duplicate Claim
BI0UH9WOXN,5863514709,TL66365795,08/30/2022,336.49,278.25,250.82,R07.9,90658,Medicare,Denied,Missing Documentation
OAOH4SI32L,5863514709,YU33799851,08/23/2024,78.07,75.04,5.9,M79.609,99214,Medicaid,Pending,
VJ3M3V2MZU,4957261083,BH28691873,07/24/2024,20.03,16.02,7.0,I50.9,93000,Medicare,Paid,
L0KGHSJ7LZ,2021349671,XN87691052,08/25/2020,138.03,107.02,83.9,J44.9,99397,Medicaid,Paid,
WB6A9QOGIP,5863514709,NL90939401,01/28/2021,34.64,21.32,9.73,M54.5,99396,Medicaid,Paid,
089288BGRM,3904283765,LC25067193,07/09/2022,107.51,77.76,63.38,J18.9,99213,Medicaid,Paid,
ZFCD9NVASO,1739201857,CO44739702,11/12/2023,417.91,224.96,198.9,J44.9,99213,Self-Pay,Pending,
U36HOO08YE,3904283765,OU49311795,07/19/2023,79.59,52.8,16.98,J44.9,99397,Medicare,Paid,
TBAFBEEE25,4957261083,RK24691481,05/07/2024,86.92,58.46,26.35,F32.9,99213,Medicaid,Paid,
PZGW8T22XV,4957261083,VH05742584,09/03/2024,320.8,252.4,192.04,N39.0,99397,Medicare,Pending,
1H8QVVTH04,1739201857,XZ56078504,01/01/2020,300.71,151.36,64.04,J18.9,99386,Medicaid,Paid,
VV4NZZT6WZ,2021349671,UV28204649,07/21/2020,191.32,170.66,19.57,R07.9,99397,Medicaid,Denied,Service Not Covered
BSZ253L3NV,2021349671,BJ17829712,02/24/2024,303.67,182.84,134.18,J44.9,99203,Medicaid,Paid,
RCCCW9GH7A,1739201857,GX01369295,11/11/2020,391.56,325.78,307.58,E78.5,99213,Medicaid,Paid,
V6H10EBWCT,2021349671,ZZ20323334,06/15/2020,290.71,199.36,142.54,J44.9,99397,Commercial,Denied,Out-of-Network
0Q8UUIDILW,3904283765,BI17023219,09/09/2020,460.04,335.02,226.0,E11.9,99386,Commercial,Paid,
MHKIADZLMI,5863514709,XR85251692,05/22/2024,294.83,238.42,218.74,R10.9,90658,Medicare,Paid,
I7WQREWE7L,1739201857,XR97614745,02/18/2022,167.15,135.58,130.36,R10.9,99386,Self-Pay,Pending,
4W4J51QHFU,2021349671,FJ43982253,11/18/2022,395.83,307.92,136.79,N39.0,99214,Medicaid,Paid,
XFAQ348QJN,2021349671,RR31503938,04/01/2021,293.77,196.89,186.69,Z00.00,93000,Medicare,Pending,
SYQZL1R32J,5863514709,YM61604652,12/11/2021,63.51,51.76,22.18,R53.0,99386,Medicaid,Paid,
BDMOWRVTN5,4957261083,PA80281902,06/12/2021,181.14,153.57,35.06,E03.9,99203,Commercial,Paid,
G0BZYRWVPL,1739201857,VA19822088,05/19/2024,205.35,131.68,52.27,Z00.00,99203,Self-Pay,Denied,Service Not Covered
G0TFC088JW,3904283765,BM69269778,07/01/2023,369.41,268.71,55.47,J18.9,99214,Commercial,Paid,
QHIZH64NBS,2021349671,YC09945684,04/23/2023,72.87,59.44,17.64,K21.9,90658,Medicare,Denied,Pre-Existing Condition
H9R2JK78IC,4957261083,NM54987416,09/19/2023,359.58,214.79,144.98,R07.9,99397,Medicaid,Paid,
ZE8H1EZ6YI,3904283765,TI16749166,09/05/2022,246.07,130.04,31.3,R10.9,99396,Medicare,Paid,
4XOTU7H519,1739201857,ZD51477055,01/12/2021,416.55,230.28,66.83,R07.9,90658,Commercial,Paid,
LC22286VOW,1739201857,DK18233214,06/09/2024,345.28,214.64,99.26,N39.0,99214,Commercial,Paid,
N6WDRCLGVD,5863514709,DW74808688,08/09/2022,461.19,436.6,324.06,F41.9,36415,Medicare,Denied,Duplicate Claim
UNERYMVI6U,3904283765,MU36559287,01/05/2021,450.21,258.11,192.51,M54.5,93000,Medicaid,Pending,
PGKXM9MYZ5,4957261083,OX58867171,07/05/2024,99.49,66.75,42.97,F41.9,99214,Self-Pay,Denied,Missing Documentation
Y2IGOFG1PP,2021349671,RI19761090,09/02/2020,212.39,205.2,51.62,F32.9,97110,Medicare,Denied,Duplicate Claim
PFAEREB4IB,5863514709,QP59121101,03/29/2020,473.68,401.84,311.68,J20.9,99214,Commercial,Pending,
DETEPDX4V8,2021349671,KA80970262,10/01/2021,271.06,188.53,161.55,R07.9,99214,Commercial,Denied,Service Not Covered
UCO3DOLNZ4,3904283765,LS36625234,12/10/2022,220.94,210.47,210.05,Z23,99397,Commercial,Paid,
FK6SOUQWVN,4957261083,OC49022273,03/27/2023,17.29,15.65,3.86,N39.0,99386,Medicaid,Paid,
UN23WUFYKQ,2021349671,FT05083270,03/27/2021,295.87,253.94,240.79,K21.9,99397,Medicaid,Pending,
RT1QECPVMK,1739201857,YW82269301,12/14/2024,36.35,19.18,12.82,E03.9,99397,Self-Pay,Denied,Duplicate Claim
BCSSB3I1TM,4957261083,DC18981972,04/04/2022,234.03,122.02,38.7,K21.9,99213,Commercial,Paid,
J6UQUSDMAB,4957261083,YH02780667,07/06/2023,126.45,85.23,81.32,E11.9,99386,Medicaid,Pending,
FML67LO3LQ,1739201857,FR74449110,06/13/2021,492.17,477.09,53.61,J44.9,93000,Medicaid,Denied,Missing Documentation
E2QY2GE5HR,3904283765,YL29811075,12/27/2024,415.62,328.81,267.78,Z00.00,99203,Commercial,Paid,
CP7Y7ZBTWD,1739201857,VQ48489310,04/19/2021,496.65,496.33,460.83,I50.9,99397,Medicare,Denied,Pre-Existing Condition
27PCNFD35S,3904283765,AP92505174,06/14/2023,297.86,289.93,221.89,I50.9,90658,Self-Pay,Denied,Pre-Existing Condition
9OK7915WCG,1739201857,YF95225893,05/01/2021,48.58,24.29,13.43,E11.9,36415,Self-Pay,Pending,
M9EL8MA79Y,5863514709,MM48211445,10/23/2021,481.42,369.71,333.07,K21.9,99213,Medicare,Denied,Missing Documentation
OMN3V0OLKN,1739201857,HA32773631,07/19/2024,450.41,310.21,300.52,K21.9,99213,Medicaid,Denied,Out-of-Network
NMFOKVWA5G,4957261083,SR87145135,05/31/2022,281.82,178.91,36.09,R53.0,99214,Medicare,Pending,
GEOCY3IG0Y,2021349671,MS33441724,08/24/2020,286.29,182.15,142.31,M54.5,99396,Commercial,Paid,
1PQ0OLY9QC,4957261083,DA21064676,02/02/2021,447.87,438.94,345.39,Z00.00,99396,Commercial,Paid,
R05FLNV6DM,5863514709,UU35817619,02/22/2020,114.82,92.41,76.74,M79.609,99214,Medicare,Paid,
YNYFE1ZHYL,3904283765,YT50142497,11/28/2023,76.62,56.31,37.83,N39.0,99397,Commercial,Pending,
5P52UFGHD8,3904283765,IK49421109,10/21/2021,114.15,91.08,50.71,E78.5,99214,Self-Pay,Denied,Duplicate Claim
0TEX021X6D,5863514709,BL73996028,08/17/2022,125.63,73.82,42.28,E11.9,90658,Medicaid,Denied,Out-of-Network
VA024GKAR9,1739201857,FQ45893550,07/23/2024,273.77,193.89,113.69,M54.5,99214,Medicaid,Paid,
XUJYUX8B5X,1739201857,QG49650030,03/23/2024,387.12,351.56,253.36,J44.9,99203,Commercial,Denied,Pre-Existing Condition
14NTQB6NJ0,2021349671,TJ62789088,09/14/2021,366.72,251.36,232.34,R07.9,90658,Medicaid,Denied,Missing Documentation
P2NL2I0MW1,1739201857,TA28632478,05/25/2023,10.31,6.16,3.52,K21.9,99396,Self-Pay,Paid,
ASFO9S1N1X,1739201857,WE62431802,01/24/2020,81.57,54.79,39.08,J18.9,97110,Commercial,Pending,
1OA57AI14W,3904283765,SG20912790,12/25/2023,109.32,106.66,13.47,M54.5,36415,Commercial,Pending,
CSLB23LYEB,2021349671,AM24486029,03/17/2020,406.68,348.34,89.33,F41.9,99386,Self-Pay,Paid,
IDC8IMM7P8,3904283765,DZ20366494,04/23/2020,346.67,235.34,230.33,E78.5,99213,Medicaid,Denied,Pre-Existing Condition
NZSD0TUTAA,2021349671,FY46792970,04/19/2024,62.21,55.11,5.11,F32.9,90658,Self-Pay,Paid,
KCEAF6IZIE,1739201857,NY30192001,06/04/2022,115.82,98.91,14.79,R10.9,99213,Medicare,Denied,Pre-Existing Condition
88O1I75RRN,3904283765,AE07363630,03/23/2021,488.89,253.45,53.44,F41.9,99397,Medicare,Denied,Duplicate Claim
QB37363EKE,5863514709,SS65258234,03/21/2022,417.96,241.98,212.9,R53.0,99213,Commercial,Denied,Service Not Covered
F3HZRZAYJW,3904283765,RO73552949,10/19/2022,394.68,365.34,61.73,F32.9,99214,Medicaid,Denied,Out-of-Network
WJS9SOV6E4,3904283765,PO10970776,01/07/2024,67.84,59.92,21.39,K21.9,99214,Medicaid,Denied,Pre-Existing Condition
01RUDP3P0M,5863514709,PM42306693,01/29/2020,18.18,13.09,10.91,I48.91,99386,Medicare,Denied,Out-of-Network
IE3W93VHOU,5863514709,MI64135084,05/14/2023,387.58,378.79,126.38,I48.91,99396,Medicaid,Pending,
22EQOZF8NQ,3904283765,LF03966223,06/27/2021,180.14,97.07,56.01,F32.9,90658,Medicaid,Paid,
Y52BUPP7RW,2021349671,KJ93497283,08/10/2021,364.08,236.04,219.2,F41.9,97110,Medicare,Pending,
ZMJLLXQR3A,2021349671,LD44073375,01/12/2022,458.48,325.24,279.92,J44.9,99386,Commercial,Paid,
D1DLU8YG7J,3904283765,GO48556350,11/21/2022,475.6,408.8,199.78,N39.0,99397,Medicaid,Pending,
M8HMO9S1KU,2021349671,PY25852260,05/05/2024,341.15,301.58,84.06,Z00.00,99397,Medicaid,Paid,
20JLRVBAXS,1739201857,FF88703832,06/19/2023,395.8,379.9,205.79,E78.5,99213,Medicaid,Paid,
GAD9YGZOE2,1739201857,QZ63933356,11/03/2024,394.64,316.32,313.73,E78.5,99386,Medicare,Paid,
SIXY3O69NZ,3904283765,NV64807264,09/07/2022,351.96,339.98,253.6,E03.9,99386,Commercial,Paid,
7EUPCRQ1CS,2021349671,YZ43194544,11/21/2023,171.1,165.55,125.56,E03.9,90658,Commercial,Paid,
NLCTXUSH4G,1739201857,UB31205019,02/24/2022,131.37,98.69,33.57,I48.91,36415,Medicaid,Pending,
ZKLX1GMHLI,2021349671,SN86531415,12/04/2022,450.29,235.15,41.51,N39.0,93000,Medicaid,Denied,Duplicate Claim
CTQ4UZ7DJW,4957261083,IS22092403,10/20/2022,262.14,210.07,71.11,J20.9,99386,Medicaid,Paid,
CWW8A1DW7N,4957261083,AO83246560,10/07/2024,78.44,59.22,19.92,R53.0,99214,Self-Pay,Pending,
2E5H3U1GN3,1739201857,PD57354101,02/25/2020,19.78,12.89,7.99,M54.5,97110,Medicaid,Denied,Duplicate Claim
677IR7NB5N,5863514709,WY34079126,11/15/2020,48.62,39.31,23.43,N39.0,99386,Commercial,Paid,
4WM1YO10HD,1739201857,LR76540849,01/01/2021,185.35,155.68,14.27,K21.9,90658,Medicare,Denied,Out-of-Network
GUW4SYT0VV,2021349671,BH83259108,09/14/2024,71.22,51.61,25.56,J18.9,99396,Commercial,Paid,
MUN45VM72C,5863514709,BO73991045,02/23/2023,104.82,52.41,39.24,I10,97110,Self-Pay,Denied,Service Not Covered
BONY8CCPLB,2021349671,XY18781985,07/15/2024,65.83,50.92,14.29,F41.9,36415,Commercial,Paid,
D1VCL3O31J,5863514709,GK62171096,04/25/2024,482.63,249.32,76.13,J44.9,99397,Medicaid,Paid,
2909VKWHWV,1739201857,HD11115887,02/04/2021,145.51,109.76,100.28,Z00.00,99213,Medicaid,Denied,Out-of-Network
UXB1QFFP5H,5863514709,UZ96276679,06/20/2021,45.4,28.7,3.27,M79.609,99396,Commercial,Paid,
NGMF0KDL5V,3904283765,GK51828985,08/28/2021,232.48,231.24,103.62,I50.9,99214,Commercial,Denied,Duplicate Claim
MANOEJU708,5863514709,SU18053449,11/17/2020,180.46,160.23,137.02,I10,99396,Self-Pay,Paid,
CA59YSHP3I,4957261083,IO72929550,03/21/2024,468.11,245.06,127.41,Z23,93000,Medicare,Pending,
YJQLBR9H6C,2021349671,JD89882230,01/31/2021,227.18,204.59,163.36,F32.9,36415,Medicare,Paid,
QX2DG4A60G,3904283765,PT35359365,07/30/2022,489.99,265.0,134.5,E78.5,36415,Medicaid,Denied,Out-of-Network
2RLFSK6I0K,4957261083,LY54015361,03/08/2020,324.48,318.24,167.22,N39.0,99396,Medicaid,Paid,
AIXECZRIBE,3904283765,AX66420459,10/17/2023,198.07,132.04,30.9,J18.9,99386,Medicare,Paid,
UPE5QZE9AD,3904283765,ZJ70167321,10/18/2020,280.98,187.49,123.05,E78.5,99397,Medicare,Paid,
T4OVQ8MQUC,2021349671,ZL02802003,01/24/2023,167.95,160.98,90.4,J20.9,99213,Medicare,Denied,Service Not Covered
46J53VOI2N,2021349671,KI31632164,01/14/2023,405.84,376.92,372.29,K21.9,99213,Self-Pay,Paid,
PJTVEBOG1X,2021349671,LT60871436,07/28/2021,251.54,239.77,155.58,R53.0,99214,Medicare,Pending,
S8C1DYUVZK,2021349671,QJ83630815,09/26/2023,296.27,216.14,159.81,F41.9,90658,Medicare,Paid,
LKHC14F0GT,2021349671,UD37330107,04/11/2021,412.29,229.15,175.61,R10.9,99397,Self-Pay,Paid,
RRNI0O8K0C,5863514709,JQ96337852,03/16/2022,373.74,304.87,93.69,I48.91,99214,Commercial,Pending,
PBSD9D2OY7,3904283765,EG00696469,10/07/2021,332.12,269.06,145.61,R10.9,36415,Commercial,Pending,
LNZP0E2E91,2021349671,AK43985091,05/29/2023,72.73,47.37,6.64,F41.9,97110,Medicaid,Denied,Missing Documentation
67DJRBPUSO,1739201857,UN12091905,09/18/2024,161.78,82.89,22.09,J44.9,97110,Medicaid,Paid,
MNJ7YKQBJ1,1739201857,WD16558752,06/26/2024,169.17,116.59,38.46,J44.9,99386,Commercial,Denied,Duplicate Claim
XIMV2IKZSU,1739201857,YJ64799513,10/26/2020,357.31,313.66,283.87,M79.609,99396,Medicaid,Pending,
BDLGX47YS7,3904283765,EY67156710,09/02/2022,286.69,150.35,131.33,N39.0,99397,Medicare,Paid,
SJLTH43GED,2021349671,KJ65451394,07/30/2021,459.3,444.65,231.97,K21.9,99396,Commercial,Denied,Duplicate Claim
MUHZ6W3GA8,3904283765,KZ41260714,09/17/2021,284.82,190.41,90.24,N39.0,99386,Medicare,Denied,Duplicate Claim
8E2FX97SN0,4957261083,UP01416046,01/14/2020,258.88,165.44,153.94,J44.9,36415,Medicare,Pending,
Z3GTBYHA38,4957261083,NG79403922,03/15/2020,412.06,407.03,279.6,K21.9,99214,Medicare,Paid,
C82YA9JDE0,4957261083,TP59720515,02/08/2022,314.34,271.17,254.72,F41.9,99213,Self-Pay,Denied,Duplicate Claim
W9HQNCELRJ,3904283765,UN65296823,08/16/2024,240.24,175.12,31.01,E11.9,99396,Self-Pay,Pending,
XTRRC0UQ8G,4957261083,HQ98329431,03/07/2021,398.54,345.27,201.93,E03.9,99386,Medicaid,Pending,
SZIXD949XL,4957261083,DW02739802,12/15/2023,117.93,70.97,37.9,M54.5,99213,Medicare,Denied,Out-of-Network
JU1HR7I430,2021349671,YG51842749,04/13/2023,422.24,287.12,211.11,I48.91,99386,Medicaid,Denied,Duplicate Claim
HM98OFK6PK,5863514709,FJ40384301,01/07/2022,60.76,40.38,39.04,F41.9,93000,Medicaid,Denied,Missing Documentation
XSFEFC3OM9,3904283765,II22849848,03/04/2023,337.94,218.97,16.9,E11.9,99213,Medicare,Denied,Duplicate Claim
DYA091KNIB,2021349671,WA30888726,06/05/2021,149.8,92.9,51.49,Z23,99213,Commercial,Paid,
0MP7WY3FQ0,2021349671,IC62944959,03/19/2024,396.69,222.35,81.83,I48.91,99397,Medicare,Paid,
DYY74QULFG,3904283765,AX82292531,12/15/2022,320.0,246.0,68.0,F41.9,90658,Medicare,Pending,
CJXI6H6RSV,4957261083,FI79890960,08/07/2022,296.49,256.25,251.82,N39.0,99396,Medicaid,Paid,
1BQY9DMJNL,1739201857,TV61082738,01/01/2021,199.71,143.86,90.99,I50.9,99213,Medicaid,Paid,
BZ6DBB8Q2H,2021349671,CN70364089,02/08/2020,435.51,289.76,55.78,J44.9,90658,Medicaid,Pending,
Y2UGX5UYXG,5863514709,VF54976464,08/20/2022,500.0,264.0,96.0,R07.9,99203,Commercial,Paid,
83RL2UUET9,4957261083,WZ76966474,04/22/2021,476.05,355.03,89.8,Z00.00,99397,Medicare,Denied,Missing Documentation
ZSU9PUC0UD,4957261083,RD78570022,09/06/2020,144.29,118.15,96.21,R53.0,97110,Commercial,Denied,Service Not Covered
48P72FQQ7T,2021349671,BU18987761,11/06/2021,423.4,260.7,246.17,F32.9,97110,Medicaid,Paid,
BPUJSHO5Y9,5863514709,PZ18018935,04/27/2022,69.32,47.66,24.47,E78.5,99203,Medicaid,Paid,
MX7HISH17Q,1739201857,FI87464297,01/28/2024,337.45,180.73,171.87,Z23,99386,Commercial,Denied,Service Not Covered
S8Z1GFI1ZJ,5863514709,AS58207730,10/26/2022,395.37,317.69,54.77,K21.9,99397,Medicaid,Pending,
LV1B5MKPPA,3904283765,UF85125382,06/17/2021,260.04,217.02,154.0,N39.0,99203,Commercial,Pending,
ODUQVBVFRB,3904283765,WA26018142,08/05/2023,200.09,107.05,106.0,M54.5,93000,Medicare,Denied,Service Not Covered
USUF0TPHQ9,2021349671,QO55910750,07/29/2023,472.84,432.42,120.64,M54.5,93000,Medicare,Paid,
F2XRPV882A,4957261083,YG41965173,03/21/2021,341.29,312.65,54.06,M54.5,97110,Medicaid,Denied,Out-of-Network
LOPQ4SOK27,3904283765,FR18013711,09/07/2023,161.68,111.84,109.08,J44.9,97110,Self-Pay,Paid,
0KWF16V6W4,5863514709,EX08232856,01/10/2023,192.14,174.07,170.61,F32.9,99386,Medicare,Pending,
2O9FVP1R85,2021349671,MX59221268,07/22/2020,127.56,122.78,15.38,E78.5,99386,Medicare,Pending,
VQ2BDFCR1P,2021349671,NE21875949,06/07/2021,129.29,97.65,68.46,J44.9,97110,Medicare,Pending,
XODBXLM1K6,1739201857,GB82104548,07/17/2020,443.23,356.62,164.16,F32.9,99397,Medicaid,Paid,
HSKLST45IN,3904283765,KB91040517,10/19/2020,265.87,182.94,128.29,R07.9,99214,Self-Pay,Denied,Missing Documentation
7984Q061BP,4957261083,UJ78663408,01/06/2021,88.2,83.1,15.41,M79.609,90658,Medicaid,Paid,
Y6WXLV0GQL,2021349671,VR08544795,03/05/2023,120.24,108.12,40.01,E03.9,97110,Medicare,Denied,Service Not Covered
4MF9SMMI8I,2021349671,WC95381002,10/26/2020,388.58,206.29,133.43,J18.9,99214,Self-Pay,Pending,
RXMCMNUUM6,1739201857,FZ24186458,03/18/2023,199.15,186.58,151.96,F32.9,99386,Commercial,Denied,Missing Documentation
UG85ECQXA6,5863514709,WR38255797,08/07/2021,479.47,264.74,230.97,I50.9,99214,Medicare,Paid,
ROMYN5G3CS,1739201857,BW73314302,12/24/2023,410.04,330.02,217.5,I10,99396,Medicare,Denied,Pre-Existing Condition
8RQQU9O0F8,5863514709,GA15047889,11/13/2022,252.88,196.44,141.64,K21.9,99396,Medicare,Paid,
OWRAHJ1JZ1,1739201857,RM22603001,11/29/2024,171.5,159.75,77.58,R10.9,93000,Medicaid,Paid,
IRAC9PR3L7,4957261083,HI33366771,01/22/2023,370.38,211.19,160.52,R53.0,99397,Commercial,Pending,
5E9D78VLCO,2021349671,VK24069087,03/30/2023,164.62,82.31,45.23,K21.9,93000,Medicaid,Denied,Service Not Covered
QHXC9SW532,5863514709,QS33819668,07/29/2022,241.13,182.57,182.06,E03.9,99397,Medicaid,Paid,
3N80R7UEBK,4957261083,BB91456048,03/26/2022,359.63,351.82,282.98,F32.9,99213,Commercial,Paid,
PRU5YJPDCK,2021349671,TS62055715,02/04/2020,117.82,85.91,58.89,J20.9,99396,Medicaid,Paid,
YCD05WI1SX,5863514709,JA49511531,07/23/2022,143.15,86.58,64.16,J44.9,99213,Commercial,Denied,Service Not Covered
E28APMZEJK,4957261083,SW68298775,06/16/2021,298.09,194.05,60.9,R53.0,97110,Commercial,Denied,Out-of-Network
VBOJIGGWVN,5863514709,MR06508323,10/10/2020,158.15,96.08,66.91,J20.9,99397,Commercial,Denied,Pre-Existing Condition
COQNA42YAM,2021349671,DA01798338,12/11/2023,471.84,332.92,123.59,J44.9,99203,Self-Pay,Paid,
FZ4ATWDKYG,2021349671,KV21009155,04/14/2022,166.06,113.03,49.3,Z23,99397,Medicare,Paid,
L3W2QOAY6E,4957261083,OS58434270,08/01/2020,134.12,115.06,66.71,I50.9,99214,Medicaid,Paid,
JLI3NBWTDA,5863514709,GS68762281,06/07/2022,56.71,40.36,16.84,R10.9,97110,Medicare,Pending,
AC510QOMOO,1739201857,QJ12510211,12/22/2022,278.33,176.17,16.92,F41.9,90658,Medicare,Denied,Missing Documentation
SLEYXORYFY,4957261083,SE44133375,05/28/2020,357.16,334.58,23.86,M54.5,90658,Commercial,Denied,Pre-Existing Condition
83YV5EV4LH,2021349671,QC49601005,09/08/2024,74.24,40.12,38.71,I48.91,36415,Medicare,Paid,
KO37CY7VLT,5863514709,FE95245208,10/26/2020,482.72,296.36,130.14,J44.9,99213,Commercial,Paid,
0R15WPCBLV,5863514709,UJ29796638,04/09/2023,152.05,132.03,111.6,J44.9,99397,Commercial,Paid,
267IUXPQYC,5863514709,AU88883805,06/01/2021,248.59,156.3,136.43,I48.91,99213,Medicaid,Paid,
FZADNTH8QP,5863514709,HX47408508,03/08/2023,44.73,23.37,12.24,E03.9,93000,Self-Pay,Denied,Pre-Existing Condition
QIJ11RC41A,2021349671,AY15703646,11/01/2020,354.32,270.16,219.72,J20.9,99396,Medicare,Pending,
4KHNTK0KUD,1739201857,CJ04760616,05/06/2023,410.23,283.12,34.51,F32.9,90658,Medicare,Denied,Missing Documentation
C3K6VRH97S,2021349671,VN48929675,10/26/2023,463.16,356.58,326.16,R07.9,99386,Medicaid,Paid,
WKOX9MKZXF,4957261083,PW77817091,10/19/2024,342.42,228.21,115.12,R07.9,93000,Medicaid,Paid,
ABPVZAM3WX,5863514709,LL20498020,06/18/2021,419.67,389.84,193.98,I48.91,99214,Commercial,Paid,
DTOJH0JE11,1739201857,QX97629880,04/13/2023,182.06,150.03,93.1,I48.91,99396,Commercial,Pending,
FSLUPP0BHD,4957261083,KR89630440,09/18/2024,451.29,377.65,26.56,J20.9,99214,Commercial,Denied,Service Not Covered
57RA1WOZFO,3904283765,XQ92178972,04/10/2021,134.4,94.2,69.72,I50.9,99396,Medicare,Paid,
YAM7HQCGRA,2021349671,TC49152512,12/06/2021,44.6,39.3,3.23,E11.9,99214,Medicare,Paid,
3SXIU9P5V9,5863514709,RN77232213,01/28/2024,48.2,31.1,15.41,K21.9,99213,Commercial,Paid,
WB6P1J9XN7,3904283765,CZ83393550,05/14/2024,31.84,30.92,14.59,J44.9,97110,Medicare,Pending,
8K9BHGVRUH,2021349671,TS64857810,09/02/2023,449.41,361.71,64.47,E03.9,99213,Medicare,Paid,
FVZANMUO33,4957261083,UC41308552,02/22/2024,312.02,266.01,265.6,K21.9,99214,Medicare,Denied,Pre-Existing Condition
